time,base_time,time_offset,lat,lon,alt
2023-06-10 17:25:05,2023-06-10,2023-06-10 17:25:05,38.92202,-106.9509,2764.0
2023-06-10 17:25:06,2023-06-10,2023-06-10 17:25:06,38.92202,-106.9509,2764.0
2023-06-10 17:25:07,2023-06-10,2023-06-10 17:25:07,38.92202,-106.9509,2764.0
2023-06-10 17:25:08,2023-06-10,2023-06-10 17:25:08,38.92202,-106.9509,2764.0
2023-06-10 17:25:09,2023-06-10,2023-06-10 17:25:09,38.92202,-106.9509,2764.0
2023-06-10 17:25:10,2023-06-10,2023-06-10 17:25:10,38.92202,-106.9509,2764.0
2023-06-10 17:25:11,2023-06-10,2023-06-10 17:25:11,38.92202,-106.9509,2764.0
2023-06-10 17:25:12,2023-06-10,2023-06-10 17:25:12,38.92202,-106.9509,2764.0
2023-06-10 17:25:13,2023-06-10,2023-06-10 17:25:13,38.92202,-106.9509,2764.0
2023-06-10 17:25:14,2023-06-10,2023-06-10 17:25:14,38.92202,-106.9509,2764.0
2023-06-10 17:25:15,2023-06-10,2023-06-10 17:25:15,38.92202,-106.9509,2764.0
2023-06-10 17:25:16,2023-06-10,2023-06-10 17:25:16,38.92202,-106.9509,2764.0
2023-06-10 17:25:17,2023-06-10,2023-06-10 17:25:17,38.92202,-106.9509,2764.0
2023-06-10 17:25:18,2023-06-10,2023-06-10 17:25:18,38.92202,-106.9509,2764.0
2023-06-10 17:25:19,2023-06-10,2023-06-10 17:25:19,38.92202,-106.9509,2764.0
2023-06-10 17:25:20,2023-06-10,2023-06-10 17:25:20,38.92202,-106.9509,2764.0
2023-06-10 17:25:21,2023-06-10,2023-06-10 17:25:21,38.92202,-106.9509,2764.0
2023-06-10 17:25:22,2023-06-10,2023-06-10 17:25:22,38.92202,-106.9509,2764.0
2023-06-10 17:25:23,2023-06-10,2023-06-10 17:25:23,38.92202,-106.9509,2764.0
2023-06-10 17:25:24,2023-06-10,2023-06-10 17:25:24,38.92202,-106.9509,2764.0
2023-06-10 17:25:25,2023-06-10,2023-06-10 17:25:25,38.92202,-106.9509,2764.0
2023-06-10 17:25:26,2023-06-10,2023-06-10 17:25:26,38.92202,-106.9509,2764.0
2023-06-10 17:25:27,2023-06-10,2023-06-10 17:25:27,38.92202,-106.9509,2764.0
2023-06-10 17:25:28,2023-06-10,2023-06-10 17:25:28,38.92202,-106.9509,2764.0
2023-06-10 17:25:29,2023-06-10,2023-06-10 17:25:29,38.92202,-106.9509,2764.0
2023-06-10 17:25:30,2023-06-10,2023-06-10 17:25:30,38.92202,-106.9509,2764.0
2023-06-10 17:25:31,2023-06-10,2023-06-10 17:25:31,38.92202,-106.9509,2764.0
2023-06-10 17:25:32,2023-06-10,2023-06-10 17:25:32,38.92202,-106.9509,2764.0
2023-06-10 17:25:33,2023-06-10,2023-06-10 17:25:33,38.92202,-106.9509,2764.0
2023-06-10 17:25:34,2023-06-10,2023-06-10 17:25:34,38.92202,-106.9509,2764.0
2023-06-10 17:25:35,2023-06-10,2023-06-10 17:25:35,38.92202,-106.9509,2764.0
2023-06-10 17:25:36,2023-06-10,2023-06-10 17:25:36,38.92202,-106.9509,2764.0
2023-06-10 17:25:37,2023-06-10,2023-06-10 17:25:37,38.92202,-106.9509,2764.0
2023-06-10 17:25:38,2023-06-10,2023-06-10 17:25:38,38.92202,-106.9509,2764.0
2023-06-10 17:25:39,2023-06-10,2023-06-10 17:25:39,38.92202,-106.9509,2764.0
2023-06-10 17:25:40,2023-06-10,2023-06-10 17:25:40,38.92202,-106.9509,2764.0
2023-06-10 17:25:41,2023-06-10,2023-06-10 17:25:41,38.92202,-106.9509,2764.0
2023-06-10 17:25:42,2023-06-10,2023-06-10 17:25:42,38.92202,-106.9509,2764.0
2023-06-10 17:25:43,2023-06-10,2023-06-10 17:25:43,38.92202,-106.9509,2764.0
2023-06-10 17:25:44,2023-06-10,2023-06-10 17:25:44,38.92202,-106.9509,2764.0
2023-06-10 17:25:45,2023-06-10,2023-06-10 17:25:45,38.92202,-106.9509,2764.0
2023-06-10 17:25:46,2023-06-10,2023-06-10 17:25:46,38.92202,-106.9509,2764.0
2023-06-10 17:25:47,2023-06-10,2023-06-10 17:25:47,38.92202,-106.9509,2764.0
2023-06-10 17:25:48,2023-06-10,2023-06-10 17:25:48,38.92202,-106.9509,2764.0
2023-06-10 17:25:49,2023-06-10,2023-06-10 17:25:49,38.92202,-106.9509,2764.0
2023-06-10 17:25:50,2023-06-10,2023-06-10 17:25:50,38.92202,-106.9509,2764.0
2023-06-10 17:25:51,2023-06-10,2023-06-10 17:25:51,38.92202,-106.9509,2764.0
2023-06-10 17:25:52,2023-06-10,2023-06-10 17:25:52,38.92202,-106.9509,2764.0
2023-06-10 17:25:53,2023-06-10,2023-06-10 17:25:53,38.92202,-106.9509,2764.0
2023-06-10 17:25:54,2023-06-10,2023-06-10 17:25:54,38.92202,-106.9509,2764.0
2023-06-10 17:25:55,2023-06-10,2023-06-10 17:25:55,38.92202,-106.9509,2764.0
2023-06-10 17:25:56,2023-06-10,2023-06-10 17:25:56,38.92202,-106.9509,2764.0
2023-06-10 17:25:57,2023-06-10,2023-06-10 17:25:57,38.92202,-106.9509,2764.0
2023-06-10 17:25:58,2023-06-10,2023-06-10 17:25:58,38.92202,-106.9509,2764.0
2023-06-10 17:25:59,2023-06-10,2023-06-10 17:25:59,38.92202,-106.9509,2764.0
2023-06-10 17:26:00,2023-06-10,2023-06-10 17:26:00,38.92202,-106.9509,2764.0
2023-06-10 17:26:01,2023-06-10,2023-06-10 17:26:01,38.92202,-106.9509,2764.0
2023-06-10 17:26:02,2023-06-10,2023-06-10 17:26:02,38.92202,-106.9509,2764.0
2023-06-10 17:26:03,2023-06-10,2023-06-10 17:26:03,38.92202,-106.9509,2764.0
2023-06-10 17:26:04,2023-06-10,2023-06-10 17:26:04,38.92202,-106.9509,2764.0
2023-06-10 17:26:05,2023-06-10,2023-06-10 17:26:05,38.92202,-106.9509,2764.0
2023-06-10 17:26:06,2023-06-10,2023-06-10 17:26:06,38.92202,-106.9509,2764.0
2023-06-10 17:26:07,2023-06-10,2023-06-10 17:26:07,38.92202,-106.9509,2764.0
2023-06-10 17:26:08,2023-06-10,2023-06-10 17:26:08,38.92202,-106.9509,2764.0
2023-06-10 17:26:09,2023-06-10,2023-06-10 17:26:09,38.92202,-106.9509,2764.0
2023-06-10 17:26:10,2023-06-10,2023-06-10 17:26:10,38.92202,-106.9509,2764.0
2023-06-10 17:26:11,2023-06-10,2023-06-10 17:26:11,38.92202,-106.9509,2764.0
2023-06-10 17:26:12,2023-06-10,2023-06-10 17:26:12,38.92202,-106.9509,2764.0
2023-06-10 17:26:13,2023-06-10,2023-06-10 17:26:13,38.92202,-106.9509,2764.0
2023-06-10 17:26:14,2023-06-10,2023-06-10 17:26:14,38.92202,-106.9509,2764.0
2023-06-10 17:26:15,2023-06-10,2023-06-10 17:26:15,38.92202,-106.9509,2764.0
2023-06-10 17:26:16,2023-06-10,2023-06-10 17:26:16,38.92202,-106.9509,2764.0
2023-06-10 17:26:17,2023-06-10,2023-06-10 17:26:17,38.92202,-106.9509,2764.0
2023-06-10 17:26:18,2023-06-10,2023-06-10 17:26:18,38.92202,-106.9509,2764.0
2023-06-10 17:26:19,2023-06-10,2023-06-10 17:26:19,38.92202,-106.9509,2764.0
2023-06-10 17:26:20,2023-06-10,2023-06-10 17:26:20,38.92202,-106.9509,2764.0
2023-06-10 17:26:21,2023-06-10,2023-06-10 17:26:21,38.92202,-106.9509,2764.0
2023-06-10 17:26:22,2023-06-10,2023-06-10 17:26:22,38.92202,-106.9509,2764.0
2023-06-10 17:26:23,2023-06-10,2023-06-10 17:26:23,38.92202,-106.9509,2764.0
2023-06-10 17:26:24,2023-06-10,2023-06-10 17:26:24,38.92202,-106.9509,2764.0
2023-06-10 17:26:25,2023-06-10,2023-06-10 17:26:25,38.92202,-106.9509,2764.0
2023-06-10 17:26:26,2023-06-10,2023-06-10 17:26:26,38.92202,-106.9509,2764.0
2023-06-10 17:26:27,2023-06-10,2023-06-10 17:26:27,38.92202,-106.9509,2764.0
2023-06-10 17:26:28,2023-06-10,2023-06-10 17:26:28,38.92202,-106.9509,2764.0
2023-06-10 17:26:29,2023-06-10,2023-06-10 17:26:29,38.92202,-106.9509,2764.0
2023-06-10 17:26:30,2023-06-10,2023-06-10 17:26:30,38.92202,-106.9509,2764.0
2023-06-10 17:26:31,2023-06-10,2023-06-10 17:26:31,38.92202,-106.9509,2764.0
2023-06-10 17:26:32,2023-06-10,2023-06-10 17:26:32,38.92202,-106.9509,2764.0
2023-06-10 17:26:33,2023-06-10,2023-06-10 17:26:33,38.92202,-106.9509,2764.0
2023-06-10 17:26:34,2023-06-10,2023-06-10 17:26:34,38.92202,-106.9509,2764.0
2023-06-10 17:26:35,2023-06-10,2023-06-10 17:26:35,38.92202,-106.9509,2764.0
2023-06-10 17:26:36,2023-06-10,2023-06-10 17:26:36,38.92202,-106.9509,2764.0
2023-06-10 17:26:37,2023-06-10,2023-06-10 17:26:37,38.92202,-106.9509,2764.0
2023-06-10 17:26:38,2023-06-10,2023-06-10 17:26:38,38.92202,-106.9509,2764.0
2023-06-10 17:26:39,2023-06-10,2023-06-10 17:26:39,38.92202,-106.9509,2764.0
2023-06-10 17:26:40,2023-06-10,2023-06-10 17:26:40,38.92202,-106.9509,2764.0
2023-06-10 17:26:41,2023-06-10,2023-06-10 17:26:41,38.92202,-106.9509,2764.0
2023-06-10 17:26:42,2023-06-10,2023-06-10 17:26:42,38.92202,-106.9509,2764.0
2023-06-10 17:26:43,2023-06-10,2023-06-10 17:26:43,38.92202,-106.9509,2764.0
2023-06-10 17:26:44,2023-06-10,2023-06-10 17:26:44,38.92202,-106.9509,2764.0
2023-06-10 17:26:45,2023-06-10,2023-06-10 17:26:45,38.92202,-106.9509,2764.0
2023-06-10 17:26:46,2023-06-10,2023-06-10 17:26:46,38.92202,-106.9509,2764.0
2023-06-10 17:26:47,2023-06-10,2023-06-10 17:26:47,38.92202,-106.9509,2764.0
2023-06-10 17:26:48,2023-06-10,2023-06-10 17:26:48,38.92202,-106.9509,2764.0
2023-06-10 17:26:49,2023-06-10,2023-06-10 17:26:49,38.92202,-106.9509,2764.0
2023-06-10 17:26:50,2023-06-10,2023-06-10 17:26:50,38.92202,-106.9509,2764.0
2023-06-10 17:26:51,2023-06-10,2023-06-10 17:26:51,38.92202,-106.9509,2764.0
2023-06-10 17:26:52,2023-06-10,2023-06-10 17:26:52,38.92202,-106.9509,2764.0
2023-06-10 17:26:53,2023-06-10,2023-06-10 17:26:53,38.92202,-106.9509,2764.0
2023-06-10 17:26:54,2023-06-10,2023-06-10 17:26:54,38.92202,-106.9509,2764.0
2023-06-10 17:26:55,2023-06-10,2023-06-10 17:26:55,38.92202,-106.9509,2764.0
2023-06-10 17:26:56,2023-06-10,2023-06-10 17:26:56,38.92202,-106.9509,2764.0
2023-06-10 17:26:57,2023-06-10,2023-06-10 17:26:57,38.92202,-106.9509,2764.0
2023-06-10 17:26:58,2023-06-10,2023-06-10 17:26:58,38.92202,-106.9509,2764.0
2023-06-10 17:26:59,2023-06-10,2023-06-10 17:26:59,38.92202,-106.9509,2764.0
2023-06-10 17:27:00,2023-06-10,2023-06-10 17:27:00,38.92202,-106.9509,2764.0
2023-06-10 17:27:01,2023-06-10,2023-06-10 17:27:01,38.92202,-106.9509,2764.0
2023-06-10 17:27:02,2023-06-10,2023-06-10 17:27:02,38.92202,-106.9509,2764.0
2023-06-10 17:27:03,2023-06-10,2023-06-10 17:27:03,38.92202,-106.9509,2764.0
2023-06-10 17:27:04,2023-06-10,2023-06-10 17:27:04,38.92202,-106.9509,2764.0
2023-06-10 17:27:05,2023-06-10,2023-06-10 17:27:05,38.92202,-106.9509,2764.0
2023-06-10 17:27:06,2023-06-10,2023-06-10 17:27:06,38.92202,-106.9509,2764.0
2023-06-10 17:27:07,2023-06-10,2023-06-10 17:27:07,38.92202,-106.9509,2764.0
2023-06-10 17:27:08,2023-06-10,2023-06-10 17:27:08,38.92202,-106.9509,2764.0
2023-06-10 17:27:09,2023-06-10,2023-06-10 17:27:09,38.92202,-106.9509,2764.0
2023-06-10 17:27:10,2023-06-10,2023-06-10 17:27:10,38.92202,-106.9509,2764.0
2023-06-10 17:27:11,2023-06-10,2023-06-10 17:27:11,38.92202,-106.9509,2764.0
2023-06-10 17:27:12,2023-06-10,2023-06-10 17:27:12,38.92202,-106.9509,2764.0
2023-06-10 17:27:13,2023-06-10,2023-06-10 17:27:13,38.92202,-106.9509,2764.0
2023-06-10 17:27:14,2023-06-10,2023-06-10 17:27:14,38.92202,-106.9509,2764.0
2023-06-10 17:27:15,2023-06-10,2023-06-10 17:27:15,38.92202,-106.9509,2764.0
2023-06-10 17:27:16,2023-06-10,2023-06-10 17:27:16,38.92202,-106.9509,2764.0
2023-06-10 17:27:17,2023-06-10,2023-06-10 17:27:17,38.92202,-106.9509,2764.0
2023-06-10 17:27:18,2023-06-10,2023-06-10 17:27:18,38.92202,-106.9509,2764.0
2023-06-10 17:27:19,2023-06-10,2023-06-10 17:27:19,38.92202,-106.9509,2764.0
2023-06-10 17:27:20,2023-06-10,2023-06-10 17:27:20,38.92202,-106.9509,2764.0
2023-06-10 17:27:21,2023-06-10,2023-06-10 17:27:21,38.92202,-106.9509,2764.0
2023-06-10 17:27:22,2023-06-10,2023-06-10 17:27:22,38.92202,-106.9509,2764.0
2023-06-10 17:27:23,2023-06-10,2023-06-10 17:27:23,38.92202,-106.9509,2764.0
2023-06-10 17:27:24,2023-06-10,2023-06-10 17:27:24,38.92202,-106.9509,2764.0
2023-06-10 17:27:25,2023-06-10,2023-06-10 17:27:25,38.92202,-106.9509,2764.0
2023-06-10 17:27:26,2023-06-10,2023-06-10 17:27:26,38.92202,-106.9509,2764.0
2023-06-10 17:27:27,2023-06-10,2023-06-10 17:27:27,38.92202,-106.9509,2764.0
2023-06-10 17:27:28,2023-06-10,2023-06-10 17:27:28,38.92202,-106.9509,2764.0
2023-06-10 17:27:29,2023-06-10,2023-06-10 17:27:29,38.92202,-106.9509,2764.0
2023-06-10 17:27:30,2023-06-10,2023-06-10 17:27:30,38.92202,-106.9509,2764.0
2023-06-10 17:27:31,2023-06-10,2023-06-10 17:27:31,38.92202,-106.9509,2764.0
2023-06-10 17:27:32,2023-06-10,2023-06-10 17:27:32,38.92202,-106.9509,2764.0
2023-06-10 17:27:33,2023-06-10,2023-06-10 17:27:33,38.92202,-106.9509,2764.0
2023-06-10 17:27:34,2023-06-10,2023-06-10 17:27:34,38.92202,-106.9509,2764.0
2023-06-10 17:27:35,2023-06-10,2023-06-10 17:27:35,38.92202,-106.9509,2764.0
2023-06-10 17:27:36,2023-06-10,2023-06-10 17:27:36,38.92202,-106.9509,2764.0
2023-06-10 17:27:37,2023-06-10,2023-06-10 17:27:37,38.92202,-106.9509,2764.0
2023-06-10 17:27:38,2023-06-10,2023-06-10 17:27:38,38.92202,-106.9509,2764.0
2023-06-10 17:27:39,2023-06-10,2023-06-10 17:27:39,38.92202,-106.9509,2764.0
2023-06-10 17:27:40,2023-06-10,2023-06-10 17:27:40,38.92202,-106.9509,2764.0
2023-06-10 17:27:41,2023-06-10,2023-06-10 17:27:41,38.92202,-106.9509,2764.0
2023-06-10 17:27:42,2023-06-10,2023-06-10 17:27:42,38.92202,-106.9509,2764.0
2023-06-10 17:27:43,2023-06-10,2023-06-10 17:27:43,38.92202,-106.9509,2764.0
2023-06-10 17:27:44,2023-06-10,2023-06-10 17:27:44,38.92202,-106.9509,2764.0
2023-06-10 17:27:45,2023-06-10,2023-06-10 17:27:45,38.92202,-106.9509,2764.0
2023-06-10 17:27:46,2023-06-10,2023-06-10 17:27:46,38.92202,-106.9509,2764.0
2023-06-10 17:27:47,2023-06-10,2023-06-10 17:27:47,38.92202,-106.9509,2764.0
2023-06-10 17:27:48,2023-06-10,2023-06-10 17:27:48,38.92202,-106.9509,2764.0
2023-06-10 17:27:49,2023-06-10,2023-06-10 17:27:49,38.92202,-106.9509,2764.0
2023-06-10 17:27:50,2023-06-10,2023-06-10 17:27:50,38.92202,-106.9509,2764.0
2023-06-10 17:27:51,2023-06-10,2023-06-10 17:27:51,38.92202,-106.9509,2764.0
2023-06-10 17:27:52,2023-06-10,2023-06-10 17:27:52,38.92202,-106.9509,2764.0
2023-06-10 17:27:53,2023-06-10,2023-06-10 17:27:53,38.92202,-106.9509,2764.0
2023-06-10 17:27:54,2023-06-10,2023-06-10 17:27:54,38.92202,-106.9509,2764.0
2023-06-10 17:27:55,2023-06-10,2023-06-10 17:27:55,38.92202,-106.9509,2764.0
2023-06-10 17:27:56,2023-06-10,2023-06-10 17:27:56,38.92202,-106.9509,2764.0
2023-06-10 17:27:57,2023-06-10,2023-06-10 17:27:57,38.92202,-106.9509,2764.0
2023-06-10 17:27:58,2023-06-10,2023-06-10 17:27:58,38.92202,-106.9509,2764.0
2023-06-10 17:27:59,2023-06-10,2023-06-10 17:27:59,38.92202,-106.9509,2764.0
2023-06-10 17:28:00,2023-06-10,2023-06-10 17:28:00,38.92202,-106.9509,2764.0
2023-06-10 17:28:01,2023-06-10,2023-06-10 17:28:01,38.92202,-106.9509,2764.0
2023-06-10 17:28:02,2023-06-10,2023-06-10 17:28:02,38.92202,-106.9509,2764.0
2023-06-10 17:28:03,2023-06-10,2023-06-10 17:28:03,38.92202,-106.9509,2764.0
2023-06-10 17:28:04,2023-06-10,2023-06-10 17:28:04,38.92202,-106.9509,2764.0
2023-06-10 17:28:05,2023-06-10,2023-06-10 17:28:05,38.92202,-106.9509,2764.0
2023-06-10 17:28:06,2023-06-10,2023-06-10 17:28:06,38.92202,-106.9509,2764.0
2023-06-10 17:28:07,2023-06-10,2023-06-10 17:28:07,38.92202,-106.9509,2764.0
2023-06-10 17:28:08,2023-06-10,2023-06-10 17:28:08,38.92202,-106.9509,2764.0
2023-06-10 17:28:09,2023-06-10,2023-06-10 17:28:09,38.92202,-106.9509,2764.0
2023-06-10 17:28:10,2023-06-10,2023-06-10 17:28:10,38.92202,-106.9509,2764.0
2023-06-10 17:28:11,2023-06-10,2023-06-10 17:28:11,38.92202,-106.9509,2764.0
2023-06-10 17:28:12,2023-06-10,2023-06-10 17:28:12,38.92202,-106.9509,2764.0
2023-06-10 17:28:13,2023-06-10,2023-06-10 17:28:13,38.92202,-106.9509,2764.0
2023-06-10 17:28:14,2023-06-10,2023-06-10 17:28:14,38.92202,-106.9509,2764.0
2023-06-10 17:28:15,2023-06-10,2023-06-10 17:28:15,38.92202,-106.9509,2764.0
2023-06-10 17:28:16,2023-06-10,2023-06-10 17:28:16,38.92202,-106.9509,2764.0
2023-06-10 17:28:17,2023-06-10,2023-06-10 17:28:17,38.92202,-106.9509,2764.0
2023-06-10 17:28:18,2023-06-10,2023-06-10 17:28:18,38.92202,-106.9509,2764.0
2023-06-10 17:28:19,2023-06-10,2023-06-10 17:28:19,38.92202,-106.9509,2764.0
2023-06-10 17:28:20,2023-06-10,2023-06-10 17:28:20,38.92202,-106.9509,2764.0
2023-06-10 17:28:21,2023-06-10,2023-06-10 17:28:21,38.92202,-106.9509,2764.0
2023-06-10 17:28:22,2023-06-10,2023-06-10 17:28:22,38.92202,-106.9509,2764.0
2023-06-10 17:28:23,2023-06-10,2023-06-10 17:28:23,38.92202,-106.9509,2764.0
2023-06-10 17:28:24,2023-06-10,2023-06-10 17:28:24,38.92202,-106.9509,2764.0
2023-06-10 17:28:25,2023-06-10,2023-06-10 17:28:25,38.92202,-106.9509,2764.0
2023-06-10 17:28:26,2023-06-10,2023-06-10 17:28:26,38.92202,-106.9509,2764.0
2023-06-10 17:28:27,2023-06-10,2023-06-10 17:28:27,38.92202,-106.9509,2764.0
2023-06-10 17:28:28,2023-06-10,2023-06-10 17:28:28,38.92202,-106.9509,2764.0
2023-06-10 17:28:29,2023-06-10,2023-06-10 17:28:29,38.92202,-106.9509,2764.0
2023-06-10 17:28:30,2023-06-10,2023-06-10 17:28:30,38.92202,-106.9509,2764.0
2023-06-10 17:28:31,2023-06-10,2023-06-10 17:28:31,38.92202,-106.9509,2764.0
2023-06-10 17:28:32,2023-06-10,2023-06-10 17:28:32,38.92202,-106.9509,2764.0
2023-06-10 17:28:33,2023-06-10,2023-06-10 17:28:33,38.92202,-106.9509,2764.0
2023-06-10 17:28:34,2023-06-10,2023-06-10 17:28:34,38.92202,-106.9509,2764.0
2023-06-10 17:28:35,2023-06-10,2023-06-10 17:28:35,38.92202,-106.9509,2764.0
2023-06-10 17:28:36,2023-06-10,2023-06-10 17:28:36,38.92202,-106.9509,2764.0
2023-06-10 17:28:37,2023-06-10,2023-06-10 17:28:37,38.92202,-106.9509,2764.0
2023-06-10 17:28:38,2023-06-10,2023-06-10 17:28:38,38.92202,-106.9509,2764.0
2023-06-10 17:28:39,2023-06-10,2023-06-10 17:28:39,38.92202,-106.9509,2764.0
2023-06-10 17:28:40,2023-06-10,2023-06-10 17:28:40,38.92202,-106.9509,2764.0
2023-06-10 17:28:41,2023-06-10,2023-06-10 17:28:41,38.92202,-106.9509,2764.0
2023-06-10 17:28:42,2023-06-10,2023-06-10 17:28:42,38.92202,-106.9509,2764.0
2023-06-10 17:28:43,2023-06-10,2023-06-10 17:28:43,38.92202,-106.9509,2764.0
2023-06-10 17:28:44,2023-06-10,2023-06-10 17:28:44,38.92202,-106.9509,2764.0
2023-06-10 17:28:45,2023-06-10,2023-06-10 17:28:45,38.92202,-106.9509,2764.0
2023-06-10 17:28:46,2023-06-10,2023-06-10 17:28:46,38.92202,-106.9509,2764.0
2023-06-10 17:28:47,2023-06-10,2023-06-10 17:28:47,38.92202,-106.9509,2764.0
2023-06-10 17:28:48,2023-06-10,2023-06-10 17:28:48,38.92202,-106.9509,2764.0
2023-06-10 17:28:49,2023-06-10,2023-06-10 17:28:49,38.92202,-106.9509,2764.0
2023-06-10 17:28:50,2023-06-10,2023-06-10 17:28:50,38.92202,-106.9509,2764.0
2023-06-10 17:28:51,2023-06-10,2023-06-10 17:28:51,38.92202,-106.9509,2764.0
2023-06-10 17:28:52,2023-06-10,2023-06-10 17:28:52,38.92202,-106.9509,2764.0
2023-06-10 17:28:53,2023-06-10,2023-06-10 17:28:53,38.92202,-106.9509,2764.0
2023-06-10 17:28:54,2023-06-10,2023-06-10 17:28:54,38.92202,-106.9509,2764.0
2023-06-10 17:28:55,2023-06-10,2023-06-10 17:28:55,38.92202,-106.9509,2764.0
2023-06-10 17:28:56,2023-06-10,2023-06-10 17:28:56,38.92202,-106.9509,2764.0
2023-06-10 17:28:57,2023-06-10,2023-06-10 17:28:57,38.92202,-106.9509,2764.0
2023-06-10 17:28:58,2023-06-10,2023-06-10 17:28:58,38.92202,-106.9509,2764.0
2023-06-10 17:28:59,2023-06-10,2023-06-10 17:28:59,38.92202,-106.9509,2764.0
2023-06-10 17:29:00,2023-06-10,2023-06-10 17:29:00,38.92202,-106.9509,2764.0
2023-06-10 17:29:01,2023-06-10,2023-06-10 17:29:01,38.92202,-106.9509,2764.0
2023-06-10 17:29:02,2023-06-10,2023-06-10 17:29:02,38.92202,-106.9509,2764.0
2023-06-10 17:29:03,2023-06-10,2023-06-10 17:29:03,38.92202,-106.9509,2764.0
2023-06-10 17:29:04,2023-06-10,2023-06-10 17:29:04,38.92202,-106.9509,2764.0
2023-06-10 17:29:05,2023-06-10,2023-06-10 17:29:05,38.92202,-106.9509,2764.0
2023-06-10 17:29:06,2023-06-10,2023-06-10 17:29:06,38.92202,-106.9509,2764.0
2023-06-10 17:29:07,2023-06-10,2023-06-10 17:29:07,38.92202,-106.9509,2764.0
2023-06-10 17:29:08,2023-06-10,2023-06-10 17:29:08,38.92202,-106.9509,2764.0
2023-06-10 17:29:09,2023-06-10,2023-06-10 17:29:09,38.92202,-106.9509,2764.0
2023-06-10 17:29:10,2023-06-10,2023-06-10 17:29:10,38.92202,-106.9509,2764.0
2023-06-10 17:29:11,2023-06-10,2023-06-10 17:29:11,38.92202,-106.9509,2764.0
2023-06-10 17:29:12,2023-06-10,2023-06-10 17:29:12,38.92202,-106.9509,2764.0
2023-06-10 17:29:13,2023-06-10,2023-06-10 17:29:13,38.92202,-106.9509,2764.0
2023-06-10 17:29:14,2023-06-10,2023-06-10 17:29:14,38.92202,-106.9509,2764.0
2023-06-10 17:29:15,2023-06-10,2023-06-10 17:29:15,38.92202,-106.9509,2764.0
2023-06-10 17:29:16,2023-06-10,2023-06-10 17:29:16,38.92202,-106.9509,2764.0
2023-06-10 17:29:17,2023-06-10,2023-06-10 17:29:17,38.92202,-106.9509,2764.0
2023-06-10 17:29:18,2023-06-10,2023-06-10 17:29:18,38.92202,-106.9509,2764.0
2023-06-10 17:29:19,2023-06-10,2023-06-10 17:29:19,38.92202,-106.9509,2764.0
2023-06-10 17:29:20,2023-06-10,2023-06-10 17:29:20,38.92202,-106.9509,2764.0
2023-06-10 17:29:21,2023-06-10,2023-06-10 17:29:21,38.92202,-106.9509,2764.0
2023-06-10 17:29:22,2023-06-10,2023-06-10 17:29:22,38.92202,-106.9509,2764.0
2023-06-10 17:29:23,2023-06-10,2023-06-10 17:29:23,38.92202,-106.9509,2764.0
2023-06-10 17:29:24,2023-06-10,2023-06-10 17:29:24,38.92202,-106.9509,2764.0
2023-06-10 17:29:25,2023-06-10,2023-06-10 17:29:25,38.92202,-106.9509,2764.0
2023-06-10 17:29:26,2023-06-10,2023-06-10 17:29:26,38.92202,-106.9509,2764.0
2023-06-10 17:29:27,2023-06-10,2023-06-10 17:29:27,38.92202,-106.9509,2764.0
2023-06-10 17:29:28,2023-06-10,2023-06-10 17:29:28,38.92202,-106.9509,2764.0
2023-06-10 17:29:29,2023-06-10,2023-06-10 17:29:29,38.92202,-106.9509,2764.0
2023-06-10 17:29:30,2023-06-10,2023-06-10 17:29:30,38.92202,-106.9509,2764.0
2023-06-10 17:29:31,2023-06-10,2023-06-10 17:29:31,38.92202,-106.9509,2764.0
2023-06-10 17:29:32,2023-06-10,2023-06-10 17:29:32,38.92202,-106.9509,2764.0
2023-06-10 17:29:33,2023-06-10,2023-06-10 17:29:33,38.92202,-106.9509,2764.0
2023-06-10 17:29:34,2023-06-10,2023-06-10 17:29:34,38.92202,-106.9509,2764.0
2023-06-10 17:29:35,2023-06-10,2023-06-10 17:29:35,38.92202,-106.9509,2764.0
2023-06-10 17:29:36,2023-06-10,2023-06-10 17:29:36,38.92202,-106.9509,2764.0
2023-06-10 17:29:37,2023-06-10,2023-06-10 17:29:37,38.92202,-106.9509,2764.0
2023-06-10 17:29:38,2023-06-10,2023-06-10 17:29:38,38.92202,-106.9509,2764.0
2023-06-10 17:29:39,2023-06-10,2023-06-10 17:29:39,38.92202,-106.9509,2764.0
2023-06-10 17:29:40,2023-06-10,2023-06-10 17:29:40,38.92202,-106.9509,2764.0
2023-06-10 17:29:41,2023-06-10,2023-06-10 17:29:41,38.92202,-106.9509,2764.0
2023-06-10 17:29:42,2023-06-10,2023-06-10 17:29:42,38.92202,-106.9509,2764.0
2023-06-10 17:29:43,2023-06-10,2023-06-10 17:29:43,38.92202,-106.9509,2764.0
2023-06-10 17:29:44,2023-06-10,2023-06-10 17:29:44,38.92202,-106.9509,2764.0
2023-06-10 17:29:45,2023-06-10,2023-06-10 17:29:45,38.92202,-106.9509,2764.0
2023-06-10 17:29:46,2023-06-10,2023-06-10 17:29:46,38.92202,-106.9509,2764.0
2023-06-10 17:29:47,2023-06-10,2023-06-10 17:29:47,38.92202,-106.9509,2764.0
2023-06-10 17:29:48,2023-06-10,2023-06-10 17:29:48,38.92202,-106.9509,2764.0
2023-06-10 17:29:49,2023-06-10,2023-06-10 17:29:49,38.92202,-106.9509,2764.0
2023-06-10 17:29:50,2023-06-10,2023-06-10 17:29:50,38.92202,-106.9509,2764.0
2023-06-10 17:29:51,2023-06-10,2023-06-10 17:29:51,38.92202,-106.9509,2764.0
2023-06-10 17:29:52,2023-06-10,2023-06-10 17:29:52,38.92202,-106.9509,2764.0
2023-06-10 17:29:53,2023-06-10,2023-06-10 17:29:53,38.92202,-106.9509,2764.0
2023-06-10 17:29:54,2023-06-10,2023-06-10 17:29:54,38.92202,-106.9509,2764.0
2023-06-10 17:29:55,2023-06-10,2023-06-10 17:29:55,38.92202,-106.9509,2764.0
2023-06-10 17:29:56,2023-06-10,2023-06-10 17:29:56,38.92202,-106.9509,2764.0
2023-06-10 17:29:57,2023-06-10,2023-06-10 17:29:57,38.92202,-106.9509,2764.0
2023-06-10 17:29:58,2023-06-10,2023-06-10 17:29:58,38.92202,-106.9509,2764.0
2023-06-10 17:29:59,2023-06-10,2023-06-10 17:29:59,38.92202,-106.9509,2764.0
2023-06-10 17:30:00,2023-06-10,2023-06-10 17:30:00,38.92202,-106.9509,2764.0
2023-06-10 17:30:01,2023-06-10,2023-06-10 17:30:01,38.92202,-106.9509,2764.0
2023-06-10 17:30:02,2023-06-10,2023-06-10 17:30:02,38.92202,-106.9509,2764.0
2023-06-10 17:30:03,2023-06-10,2023-06-10 17:30:03,38.92202,-106.9509,2764.0
2023-06-10 17:30:04,2023-06-10,2023-06-10 17:30:04,38.92202,-106.9509,2764.0
2023-06-10 17:30:05,2023-06-10,2023-06-10 17:30:05,38.92202,-106.9509,2764.0
2023-06-10 17:30:06,2023-06-10,2023-06-10 17:30:06,38.92202,-106.9509,2764.0
2023-06-10 17:30:07,2023-06-10,2023-06-10 17:30:07,38.92202,-106.9509,2764.0
2023-06-10 17:30:08,2023-06-10,2023-06-10 17:30:08,38.92202,-106.9509,2764.0
2023-06-10 17:30:09,2023-06-10,2023-06-10 17:30:09,38.92202,-106.9509,2764.0
2023-06-10 17:30:10,2023-06-10,2023-06-10 17:30:10,38.92202,-106.9509,2764.0
2023-06-10 17:30:11,2023-06-10,2023-06-10 17:30:11,38.92202,-106.9509,2764.0
2023-06-10 17:30:12,2023-06-10,2023-06-10 17:30:12,38.92202,-106.9509,2764.0
2023-06-10 17:30:13,2023-06-10,2023-06-10 17:30:13,38.92202,-106.9509,2764.0
2023-06-10 17:30:14,2023-06-10,2023-06-10 17:30:14,38.92202,-106.9509,2764.0
2023-06-10 17:30:15,2023-06-10,2023-06-10 17:30:15,38.92202,-106.9509,2764.0
2023-06-10 17:30:16,2023-06-10,2023-06-10 17:30:16,38.92202,-106.9509,2764.0
2023-06-10 17:30:17,2023-06-10,2023-06-10 17:30:17,38.92202,-106.9509,2764.0
2023-06-10 17:30:18,2023-06-10,2023-06-10 17:30:18,38.92202,-106.9509,2764.0
2023-06-10 17:30:19,2023-06-10,2023-06-10 17:30:19,38.92202,-106.9509,2764.0
2023-06-10 17:30:20,2023-06-10,2023-06-10 17:30:20,38.92202,-106.9509,2764.0
2023-06-10 17:30:21,2023-06-10,2023-06-10 17:30:21,38.92202,-106.9509,2764.0
2023-06-10 17:30:22,2023-06-10,2023-06-10 17:30:22,38.92202,-106.9509,2764.0
2023-06-10 17:30:23,2023-06-10,2023-06-10 17:30:23,38.92202,-106.9509,2764.0
2023-06-10 17:30:24,2023-06-10,2023-06-10 17:30:24,38.92202,-106.9509,2764.0
2023-06-10 17:30:25,2023-06-10,2023-06-10 17:30:25,38.92202,-106.9509,2764.0
2023-06-10 17:30:26,2023-06-10,2023-06-10 17:30:26,38.92202,-106.9509,2764.0
2023-06-10 17:30:27,2023-06-10,2023-06-10 17:30:27,38.92202,-106.9509,2764.0
2023-06-10 17:30:28,2023-06-10,2023-06-10 17:30:28,38.92202,-106.9509,2764.0
2023-06-10 17:30:29,2023-06-10,2023-06-10 17:30:29,38.92202,-106.9509,2764.0
2023-06-10 17:30:30,2023-06-10,2023-06-10 17:30:30,38.92202,-106.9509,2764.0
2023-06-10 17:30:31,2023-06-10,2023-06-10 17:30:31,38.92202,-106.9509,2764.0
2023-06-10 17:30:32,2023-06-10,2023-06-10 17:30:32,38.92202,-106.9509,2764.0
2023-06-10 17:30:33,2023-06-10,2023-06-10 17:30:33,38.92202,-106.9509,2764.0
2023-06-10 17:30:34,2023-06-10,2023-06-10 17:30:34,38.92202,-106.9509,2764.0
2023-06-10 17:30:35,2023-06-10,2023-06-10 17:30:35,38.92202,-106.9509,2764.0
2023-06-10 17:30:36,2023-06-10,2023-06-10 17:30:36,38.92202,-106.9509,2764.0
2023-06-10 17:30:37,2023-06-10,2023-06-10 17:30:37,38.92202,-106.9509,2764.0
2023-06-10 17:30:38,2023-06-10,2023-06-10 17:30:38,38.92202,-106.9509,2764.0
2023-06-10 17:30:39,2023-06-10,2023-06-10 17:30:39,38.92202,-106.9509,2764.0
2023-06-10 17:30:40,2023-06-10,2023-06-10 17:30:40,38.92202,-106.9509,2764.0
2023-06-10 17:30:41,2023-06-10,2023-06-10 17:30:41,38.92202,-106.9509,2764.0
2023-06-10 17:30:42,2023-06-10,2023-06-10 17:30:42,38.92202,-106.9509,2764.0
2023-06-10 17:30:43,2023-06-10,2023-06-10 17:30:43,38.92202,-106.9509,2764.0
2023-06-10 17:30:44,2023-06-10,2023-06-10 17:30:44,38.92202,-106.9509,2764.0
2023-06-10 17:30:45,2023-06-10,2023-06-10 17:30:45,38.92202,-106.9509,2764.0
2023-06-10 17:30:46,2023-06-10,2023-06-10 17:30:46,38.92202,-106.9509,2764.0
2023-06-10 17:30:47,2023-06-10,2023-06-10 17:30:47,38.92202,-106.9509,2764.0
2023-06-10 17:30:48,2023-06-10,2023-06-10 17:30:48,38.92202,-106.9509,2764.0
2023-06-10 17:30:49,2023-06-10,2023-06-10 17:30:49,38.92202,-106.9509,2764.0
2023-06-10 17:30:50,2023-06-10,2023-06-10 17:30:50,38.92202,-106.9509,2764.0
2023-06-10 17:30:51,2023-06-10,2023-06-10 17:30:51,38.92202,-106.9509,2764.0
2023-06-10 17:30:52,2023-06-10,2023-06-10 17:30:52,38.92202,-106.9509,2764.0
2023-06-10 17:30:53,2023-06-10,2023-06-10 17:30:53,38.92202,-106.9509,2764.0
2023-06-10 17:30:54,2023-06-10,2023-06-10 17:30:54,38.92202,-106.9509,2764.0
2023-06-10 17:30:55,2023-06-10,2023-06-10 17:30:55,38.92202,-106.9509,2764.0
2023-06-10 17:30:56,2023-06-10,2023-06-10 17:30:56,38.92202,-106.9509,2764.0
2023-06-10 17:30:57,2023-06-10,2023-06-10 17:30:57,38.92202,-106.9509,2764.0
2023-06-10 17:30:58,2023-06-10,2023-06-10 17:30:58,38.92202,-106.9509,2764.0
2023-06-10 17:30:59,2023-06-10,2023-06-10 17:30:59,38.92202,-106.9509,2764.0
2023-06-10 17:31:00,2023-06-10,2023-06-10 17:31:00,38.92202,-106.9509,2764.0
2023-06-10 17:31:01,2023-06-10,2023-06-10 17:31:01,38.92202,-106.9509,2764.0
2023-06-10 17:31:02,2023-06-10,2023-06-10 17:31:02,38.92202,-106.9509,2764.0
2023-06-10 17:31:03,2023-06-10,2023-06-10 17:31:03,38.92202,-106.9509,2764.0
2023-06-10 17:31:04,2023-06-10,2023-06-10 17:31:04,38.92202,-106.9509,2764.0
2023-06-10 17:31:05,2023-06-10,2023-06-10 17:31:05,38.92202,-106.9509,2764.0
2023-06-10 17:31:06,2023-06-10,2023-06-10 17:31:06,38.92202,-106.9509,2764.0
2023-06-10 17:31:07,2023-06-10,2023-06-10 17:31:07,38.92202,-106.9509,2764.0
2023-06-10 17:31:08,2023-06-10,2023-06-10 17:31:08,38.92202,-106.9509,2764.0
2023-06-10 17:31:09,2023-06-10,2023-06-10 17:31:09,38.92202,-106.9509,2764.0
2023-06-10 17:31:10,2023-06-10,2023-06-10 17:31:10,38.92202,-106.9509,2764.0
2023-06-10 17:31:11,2023-06-10,2023-06-10 17:31:11,38.92202,-106.9509,2764.0
2023-06-10 17:31:12,2023-06-10,2023-06-10 17:31:12,38.92202,-106.9509,2764.0
2023-06-10 17:31:13,2023-06-10,2023-06-10 17:31:13,38.92202,-106.9509,2764.0
2023-06-10 17:31:14,2023-06-10,2023-06-10 17:31:14,38.92202,-106.9509,2764.0
2023-06-10 17:31:15,2023-06-10,2023-06-10 17:31:15,38.92202,-106.9509,2764.0
2023-06-10 17:31:16,2023-06-10,2023-06-10 17:31:16,38.92202,-106.9509,2764.0
2023-06-10 17:31:17,2023-06-10,2023-06-10 17:31:17,38.92202,-106.9509,2764.0
2023-06-10 17:31:18,2023-06-10,2023-06-10 17:31:18,38.92202,-106.9509,2764.0
2023-06-10 17:31:19,2023-06-10,2023-06-10 17:31:19,38.92202,-106.9509,2764.0
2023-06-10 17:31:20,2023-06-10,2023-06-10 17:31:20,38.92202,-106.9509,2764.0
2023-06-10 17:31:21,2023-06-10,2023-06-10 17:31:21,38.92202,-106.9509,2764.0
2023-06-10 17:31:22,2023-06-10,2023-06-10 17:31:22,38.92202,-106.9509,2764.0
2023-06-10 17:31:23,2023-06-10,2023-06-10 17:31:23,38.92202,-106.9509,2764.0
2023-06-10 17:31:24,2023-06-10,2023-06-10 17:31:24,38.92202,-106.9509,2764.0
2023-06-10 17:31:25,2023-06-10,2023-06-10 17:31:25,38.92202,-106.9509,2764.0
2023-06-10 17:31:26,2023-06-10,2023-06-10 17:31:26,38.92202,-106.9509,2764.0
2023-06-10 17:31:27,2023-06-10,2023-06-10 17:31:27,38.92202,-106.9509,2764.0
2023-06-10 17:31:28,2023-06-10,2023-06-10 17:31:28,38.92202,-106.9509,2764.0
2023-06-10 17:31:29,2023-06-10,2023-06-10 17:31:29,38.92202,-106.9509,2764.0
2023-06-10 17:31:30,2023-06-10,2023-06-10 17:31:30,38.92202,-106.9509,2764.0
2023-06-10 17:31:31,2023-06-10,2023-06-10 17:31:31,38.92202,-106.9509,2764.0
2023-06-10 17:31:32,2023-06-10,2023-06-10 17:31:32,38.92202,-106.9509,2764.0
2023-06-10 17:31:33,2023-06-10,2023-06-10 17:31:33,38.92202,-106.9509,2764.0
2023-06-10 17:31:34,2023-06-10,2023-06-10 17:31:34,38.92202,-106.9509,2764.0
2023-06-10 17:31:35,2023-06-10,2023-06-10 17:31:35,38.92202,-106.9509,2764.0
2023-06-10 17:31:36,2023-06-10,2023-06-10 17:31:36,38.92202,-106.9509,2764.0
2023-06-10 17:31:37,2023-06-10,2023-06-10 17:31:37,38.92202,-106.9509,2764.0
2023-06-10 17:31:38,2023-06-10,2023-06-10 17:31:38,38.92202,-106.9509,2764.0
2023-06-10 17:31:39,2023-06-10,2023-06-10 17:31:39,38.92202,-106.9509,2764.0
2023-06-10 17:31:40,2023-06-10,2023-06-10 17:31:40,38.92202,-106.9509,2764.0
2023-06-10 17:31:41,2023-06-10,2023-06-10 17:31:41,38.92202,-106.9509,2764.0
2023-06-10 17:31:42,2023-06-10,2023-06-10 17:31:42,38.92202,-106.9509,2764.0
2023-06-10 17:31:43,2023-06-10,2023-06-10 17:31:43,38.92202,-106.9509,2764.0
2023-06-10 17:31:44,2023-06-10,2023-06-10 17:31:44,38.92202,-106.9509,2764.0
2023-06-10 17:31:45,2023-06-10,2023-06-10 17:31:45,38.92202,-106.9509,2764.0
2023-06-10 17:31:46,2023-06-10,2023-06-10 17:31:46,38.92202,-106.9509,2764.0
2023-06-10 17:31:47,2023-06-10,2023-06-10 17:31:47,38.92202,-106.9509,2764.0
2023-06-10 17:31:48,2023-06-10,2023-06-10 17:31:48,38.92202,-106.9509,2764.0
2023-06-10 17:31:49,2023-06-10,2023-06-10 17:31:49,38.92202,-106.9509,2764.0
2023-06-10 17:31:50,2023-06-10,2023-06-10 17:31:50,38.92202,-106.9509,2764.0
2023-06-10 17:31:51,2023-06-10,2023-06-10 17:31:51,38.92202,-106.9509,2764.0
2023-06-10 17:31:52,2023-06-10,2023-06-10 17:31:52,38.92202,-106.9509,2764.0
2023-06-10 17:31:53,2023-06-10,2023-06-10 17:31:53,38.92202,-106.9509,2764.0
2023-06-10 17:31:54,2023-06-10,2023-06-10 17:31:54,38.92202,-106.9509,2764.0
2023-06-10 17:31:55,2023-06-10,2023-06-10 17:31:55,38.92202,-106.9509,2764.0
2023-06-10 17:31:56,2023-06-10,2023-06-10 17:31:56,38.92202,-106.9509,2764.0
2023-06-10 17:31:57,2023-06-10,2023-06-10 17:31:57,38.92202,-106.9509,2764.0
2023-06-10 17:31:58,2023-06-10,2023-06-10 17:31:58,38.92202,-106.9509,2764.0
2023-06-10 17:31:59,2023-06-10,2023-06-10 17:31:59,38.92202,-106.9509,2764.0
2023-06-10 17:32:00,2023-06-10,2023-06-10 17:32:00,38.92202,-106.9509,2764.0
2023-06-10 17:32:01,2023-06-10,2023-06-10 17:32:01,38.92202,-106.9509,2764.0
2023-06-10 17:32:02,2023-06-10,2023-06-10 17:32:02,38.92202,-106.9509,2764.0
2023-06-10 17:32:03,2023-06-10,2023-06-10 17:32:03,38.92202,-106.9509,2764.0
2023-06-10 17:32:04,2023-06-10,2023-06-10 17:32:04,38.92202,-106.9509,2764.0
2023-06-10 17:32:05,2023-06-10,2023-06-10 17:32:05,38.92202,-106.9509,2764.0
2023-06-10 17:32:06,2023-06-10,2023-06-10 17:32:06,38.92202,-106.9509,2764.0
2023-06-10 17:32:07,2023-06-10,2023-06-10 17:32:07,38.92202,-106.9509,2764.0
2023-06-10 17:32:08,2023-06-10,2023-06-10 17:32:08,38.92202,-106.9509,2764.0
2023-06-10 17:32:09,2023-06-10,2023-06-10 17:32:09,38.92202,-106.9509,2764.0
2023-06-10 17:32:10,2023-06-10,2023-06-10 17:32:10,38.92202,-106.9509,2764.0
2023-06-10 17:32:11,2023-06-10,2023-06-10 17:32:11,38.92202,-106.9509,2764.0
2023-06-10 17:32:12,2023-06-10,2023-06-10 17:32:12,38.92202,-106.9509,2764.0
2023-06-10 17:32:13,2023-06-10,2023-06-10 17:32:13,38.92202,-106.9509,2764.0
2023-06-10 17:32:14,2023-06-10,2023-06-10 17:32:14,38.92202,-106.9509,2764.0
2023-06-10 17:32:15,2023-06-10,2023-06-10 17:32:15,38.92202,-106.9509,2764.0
2023-06-10 17:32:16,2023-06-10,2023-06-10 17:32:16,38.92202,-106.9509,2764.0
2023-06-10 17:32:17,2023-06-10,2023-06-10 17:32:17,38.92202,-106.9509,2764.0
2023-06-10 17:32:18,2023-06-10,2023-06-10 17:32:18,38.92202,-106.9509,2764.0
2023-06-10 17:32:19,2023-06-10,2023-06-10 17:32:19,38.92202,-106.9509,2764.0
2023-06-10 17:32:20,2023-06-10,2023-06-10 17:32:20,38.92202,-106.9509,2764.0
2023-06-10 17:32:21,2023-06-10,2023-06-10 17:32:21,38.92202,-106.9509,2764.0
2023-06-10 17:32:22,2023-06-10,2023-06-10 17:32:22,38.92202,-106.9509,2764.0
2023-06-10 17:32:23,2023-06-10,2023-06-10 17:32:23,38.92202,-106.9509,2764.0
2023-06-10 17:32:24,2023-06-10,2023-06-10 17:32:24,38.92202,-106.9509,2764.0
2023-06-10 17:32:25,2023-06-10,2023-06-10 17:32:25,38.92202,-106.9509,2764.0
2023-06-10 17:32:26,2023-06-10,2023-06-10 17:32:26,38.92202,-106.9509,2764.0
2023-06-10 17:32:27,2023-06-10,2023-06-10 17:32:27,38.92202,-106.9509,2764.0
2023-06-10 17:32:28,2023-06-10,2023-06-10 17:32:28,38.92202,-106.9509,2764.0
2023-06-10 17:32:29,2023-06-10,2023-06-10 17:32:29,38.92202,-106.9509,2764.0
2023-06-10 17:32:30,2023-06-10,2023-06-10 17:32:30,38.92202,-106.9509,2764.0
2023-06-10 17:32:31,2023-06-10,2023-06-10 17:32:31,38.92202,-106.9509,2764.0
2023-06-10 17:32:32,2023-06-10,2023-06-10 17:32:32,38.92202,-106.9509,2764.0
2023-06-10 17:32:33,2023-06-10,2023-06-10 17:32:33,38.92202,-106.9509,2764.0
2023-06-10 17:32:34,2023-06-10,2023-06-10 17:32:34,38.92202,-106.9509,2764.0
2023-06-10 17:32:35,2023-06-10,2023-06-10 17:32:35,38.92202,-106.9509,2764.0
2023-06-10 17:32:36,2023-06-10,2023-06-10 17:32:36,38.92202,-106.9509,2764.0
2023-06-10 17:32:37,2023-06-10,2023-06-10 17:32:37,38.92202,-106.9509,2764.0
2023-06-10 17:32:38,2023-06-10,2023-06-10 17:32:38,38.92202,-106.9509,2764.0
2023-06-10 17:32:39,2023-06-10,2023-06-10 17:32:39,38.92202,-106.9509,2764.0
2023-06-10 17:32:40,2023-06-10,2023-06-10 17:32:40,38.92202,-106.9509,2764.0
2023-06-10 17:32:41,2023-06-10,2023-06-10 17:32:41,38.92202,-106.9509,2764.0
2023-06-10 17:32:42,2023-06-10,2023-06-10 17:32:42,38.92202,-106.9509,2764.0
2023-06-10 17:32:43,2023-06-10,2023-06-10 17:32:43,38.92202,-106.9509,2764.0
2023-06-10 17:32:44,2023-06-10,2023-06-10 17:32:44,38.92202,-106.9509,2764.0
2023-06-10 17:32:45,2023-06-10,2023-06-10 17:32:45,38.92202,-106.9509,2764.0
2023-06-10 17:32:46,2023-06-10,2023-06-10 17:32:46,38.92202,-106.9509,2764.0
2023-06-10 17:32:47,2023-06-10,2023-06-10 17:32:47,38.92202,-106.9509,2764.0
2023-06-10 17:32:48,2023-06-10,2023-06-10 17:32:48,38.92202,-106.9509,2764.0
2023-06-10 17:32:49,2023-06-10,2023-06-10 17:32:49,38.92202,-106.9509,2764.0
2023-06-10 17:32:50,2023-06-10,2023-06-10 17:32:50,38.92202,-106.9509,2764.0
2023-06-10 17:32:51,2023-06-10,2023-06-10 17:32:51,38.92202,-106.9509,2764.0
2023-06-10 17:32:52,2023-06-10,2023-06-10 17:32:52,38.92202,-106.9509,2764.0
2023-06-10 17:32:53,2023-06-10,2023-06-10 17:32:53,38.92202,-106.9509,2764.0
2023-06-10 17:32:54,2023-06-10,2023-06-10 17:32:54,38.92202,-106.9509,2764.0
2023-06-10 17:32:55,2023-06-10,2023-06-10 17:32:55,38.92202,-106.9509,2764.0
2023-06-10 17:32:56,2023-06-10,2023-06-10 17:32:56,38.92202,-106.9509,2764.0
2023-06-10 17:32:57,2023-06-10,2023-06-10 17:32:57,38.92202,-106.9509,2764.0
2023-06-10 17:32:58,2023-06-10,2023-06-10 17:32:58,38.92202,-106.9509,2764.0
2023-06-10 17:32:59,2023-06-10,2023-06-10 17:32:59,38.92202,-106.9509,2764.0
2023-06-10 17:33:00,2023-06-10,2023-06-10 17:33:00,38.92202,-106.9509,2764.0
2023-06-10 17:33:01,2023-06-10,2023-06-10 17:33:01,38.92202,-106.9509,2764.0
2023-06-10 17:33:02,2023-06-10,2023-06-10 17:33:02,38.92202,-106.9509,2764.0
2023-06-10 17:33:03,2023-06-10,2023-06-10 17:33:03,38.92202,-106.9509,2764.0
2023-06-10 17:33:04,2023-06-10,2023-06-10 17:33:04,38.92202,-106.9509,2764.0
2023-06-10 17:33:05,2023-06-10,2023-06-10 17:33:05,38.92202,-106.9509,2764.0
2023-06-10 17:33:06,2023-06-10,2023-06-10 17:33:06,38.92202,-106.9509,2764.0
2023-06-10 17:33:07,2023-06-10,2023-06-10 17:33:07,38.92202,-106.9509,2764.0
2023-06-10 17:33:08,2023-06-10,2023-06-10 17:33:08,38.92202,-106.9509,2764.0
2023-06-10 17:33:09,2023-06-10,2023-06-10 17:33:09,38.92202,-106.9509,2764.0
2023-06-10 17:33:10,2023-06-10,2023-06-10 17:33:10,38.92202,-106.9509,2764.0
2023-06-10 17:33:11,2023-06-10,2023-06-10 17:33:11,38.92202,-106.9509,2764.0
2023-06-10 17:33:12,2023-06-10,2023-06-10 17:33:12,38.92202,-106.9509,2764.0
2023-06-10 17:33:13,2023-06-10,2023-06-10 17:33:13,38.92202,-106.9509,2764.0
2023-06-10 17:33:14,2023-06-10,2023-06-10 17:33:14,38.92202,-106.9509,2764.0
2023-06-10 17:33:15,2023-06-10,2023-06-10 17:33:15,38.92202,-106.9509,2764.0
2023-06-10 17:33:16,2023-06-10,2023-06-10 17:33:16,38.92202,-106.9509,2764.0
2023-06-10 17:33:17,2023-06-10,2023-06-10 17:33:17,38.92202,-106.9509,2764.0
2023-06-10 17:33:18,2023-06-10,2023-06-10 17:33:18,38.92202,-106.9509,2764.0
2023-06-10 17:33:19,2023-06-10,2023-06-10 17:33:19,38.92202,-106.9509,2764.0
2023-06-10 17:33:20,2023-06-10,2023-06-10 17:33:20,38.92202,-106.9509,2764.0
2023-06-10 17:33:21,2023-06-10,2023-06-10 17:33:21,38.92202,-106.9509,2764.0
2023-06-10 17:33:22,2023-06-10,2023-06-10 17:33:22,38.92202,-106.9509,2764.0
2023-06-10 17:33:23,2023-06-10,2023-06-10 17:33:23,38.92202,-106.9509,2764.0
2023-06-10 17:33:24,2023-06-10,2023-06-10 17:33:24,38.92202,-106.9509,2764.0
2023-06-10 17:33:25,2023-06-10,2023-06-10 17:33:25,38.92202,-106.9509,2764.0
2023-06-10 17:33:26,2023-06-10,2023-06-10 17:33:26,38.92202,-106.9509,2764.0
2023-06-10 17:33:27,2023-06-10,2023-06-10 17:33:27,38.92202,-106.9509,2764.0
2023-06-10 17:33:28,2023-06-10,2023-06-10 17:33:28,38.92202,-106.9509,2764.0
2023-06-10 17:33:29,2023-06-10,2023-06-10 17:33:29,38.92202,-106.9509,2764.0
2023-06-10 17:33:30,2023-06-10,2023-06-10 17:33:30,38.92202,-106.9509,2764.0
2023-06-10 17:33:31,2023-06-10,2023-06-10 17:33:31,38.92202,-106.9509,2764.0
2023-06-10 17:33:32,2023-06-10,2023-06-10 17:33:32,38.92202,-106.9509,2764.0
2023-06-10 17:33:33,2023-06-10,2023-06-10 17:33:33,38.92202,-106.9509,2764.0
2023-06-10 17:33:34,2023-06-10,2023-06-10 17:33:34,38.92202,-106.9509,2764.0
2023-06-10 17:33:35,2023-06-10,2023-06-10 17:33:35,38.92202,-106.9509,2764.0
2023-06-10 17:33:36,2023-06-10,2023-06-10 17:33:36,38.92202,-106.9509,2764.0
2023-06-10 17:33:37,2023-06-10,2023-06-10 17:33:37,38.92202,-106.9509,2764.0
2023-06-10 17:33:38,2023-06-10,2023-06-10 17:33:38,38.92202,-106.9509,2764.0
2023-06-10 17:33:39,2023-06-10,2023-06-10 17:33:39,38.92202,-106.9509,2764.0
2023-06-10 17:33:40,2023-06-10,2023-06-10 17:33:40,38.92202,-106.9509,2764.0
2023-06-10 17:33:41,2023-06-10,2023-06-10 17:33:41,38.92202,-106.9509,2764.0
2023-06-10 17:33:42,2023-06-10,2023-06-10 17:33:42,38.92202,-106.9509,2764.0
2023-06-10 17:33:43,2023-06-10,2023-06-10 17:33:43,38.92202,-106.9509,2764.0
2023-06-10 17:33:44,2023-06-10,2023-06-10 17:33:44,38.92202,-106.9509,2764.0
2023-06-10 17:33:45,2023-06-10,2023-06-10 17:33:45,38.92202,-106.9509,2764.0
2023-06-10 17:33:46,2023-06-10,2023-06-10 17:33:46,38.92202,-106.9509,2764.0
2023-06-10 17:33:47,2023-06-10,2023-06-10 17:33:47,38.92202,-106.9509,2764.0
2023-06-10 17:33:48,2023-06-10,2023-06-10 17:33:48,38.92202,-106.9509,2764.0
2023-06-10 17:33:49,2023-06-10,2023-06-10 17:33:49,38.92202,-106.9509,2764.0
2023-06-10 17:33:50,2023-06-10,2023-06-10 17:33:50,38.92202,-106.9509,2764.0
2023-06-10 17:33:51,2023-06-10,2023-06-10 17:33:51,38.92202,-106.9509,2764.0
2023-06-10 17:33:52,2023-06-10,2023-06-10 17:33:52,38.92202,-106.9509,2764.0
2023-06-10 17:33:53,2023-06-10,2023-06-10 17:33:53,38.92202,-106.9509,2764.0
2023-06-10 17:33:54,2023-06-10,2023-06-10 17:33:54,38.92202,-106.9509,2764.0
2023-06-10 17:33:55,2023-06-10,2023-06-10 17:33:55,38.92202,-106.9509,2764.0
2023-06-10 17:33:56,2023-06-10,2023-06-10 17:33:56,38.92202,-106.9509,2764.0
2023-06-10 17:33:57,2023-06-10,2023-06-10 17:33:57,38.92202,-106.9509,2764.0
2023-06-10 17:33:58,2023-06-10,2023-06-10 17:33:58,38.92202,-106.9509,2764.0
2023-06-10 17:33:59,2023-06-10,2023-06-10 17:33:59,38.92202,-106.9509,2764.0
2023-06-10 17:34:00,2023-06-10,2023-06-10 17:34:00,38.92202,-106.9509,2764.0
2023-06-10 17:34:01,2023-06-10,2023-06-10 17:34:01,38.92202,-106.9509,2764.0
2023-06-10 17:34:02,2023-06-10,2023-06-10 17:34:02,38.92202,-106.9509,2764.0
2023-06-10 17:34:03,2023-06-10,2023-06-10 17:34:03,38.92202,-106.9509,2764.0
2023-06-10 17:34:04,2023-06-10,2023-06-10 17:34:04,38.92202,-106.9509,2764.0
2023-06-10 17:34:05,2023-06-10,2023-06-10 17:34:05,38.92202,-106.9509,2764.0
2023-06-10 17:34:06,2023-06-10,2023-06-10 17:34:06,38.92202,-106.9509,2764.0
2023-06-10 17:34:07,2023-06-10,2023-06-10 17:34:07,38.92202,-106.9509,2764.0
2023-06-10 17:34:08,2023-06-10,2023-06-10 17:34:08,38.92202,-106.9509,2764.0
2023-06-10 17:34:09,2023-06-10,2023-06-10 17:34:09,38.92202,-106.9509,2764.0
2023-06-10 17:34:10,2023-06-10,2023-06-10 17:34:10,38.92202,-106.9509,2764.0
2023-06-10 17:34:11,2023-06-10,2023-06-10 17:34:11,38.92202,-106.9509,2764.0
2023-06-10 17:34:12,2023-06-10,2023-06-10 17:34:12,38.92202,-106.9509,2764.0
2023-06-10 17:34:13,2023-06-10,2023-06-10 17:34:13,38.92202,-106.9509,2764.0
2023-06-10 17:34:14,2023-06-10,2023-06-10 17:34:14,38.92202,-106.9509,2764.0
2023-06-10 17:34:15,2023-06-10,2023-06-10 17:34:15,38.92202,-106.9509,2764.0
2023-06-10 17:34:16,2023-06-10,2023-06-10 17:34:16,38.92202,-106.9509,2764.0
2023-06-10 17:34:17,2023-06-10,2023-06-10 17:34:17,38.92202,-106.9509,2764.0
2023-06-10 17:34:18,2023-06-10,2023-06-10 17:34:18,38.92202,-106.9509,2764.0
2023-06-10 17:34:19,2023-06-10,2023-06-10 17:34:19,38.92202,-106.9509,2764.0
2023-06-10 17:34:20,2023-06-10,2023-06-10 17:34:20,38.92202,-106.9509,2764.0
2023-06-10 17:34:21,2023-06-10,2023-06-10 17:34:21,38.92202,-106.9509,2764.0
2023-06-10 17:34:22,2023-06-10,2023-06-10 17:34:22,38.92202,-106.9509,2764.0
2023-06-10 17:34:23,2023-06-10,2023-06-10 17:34:23,38.92202,-106.9509,2764.0
2023-06-10 17:34:24,2023-06-10,2023-06-10 17:34:24,38.92202,-106.9509,2764.0
2023-06-10 17:34:25,2023-06-10,2023-06-10 17:34:25,38.92202,-106.9509,2764.0
2023-06-10 17:34:26,2023-06-10,2023-06-10 17:34:26,38.92202,-106.9509,2764.0
2023-06-10 17:34:27,2023-06-10,2023-06-10 17:34:27,38.92202,-106.9509,2764.0
2023-06-10 17:34:28,2023-06-10,2023-06-10 17:34:28,38.92202,-106.9509,2764.0
2023-06-10 17:34:29,2023-06-10,2023-06-10 17:34:29,38.92202,-106.9509,2764.0
2023-06-10 17:34:30,2023-06-10,2023-06-10 17:34:30,38.92202,-106.9509,2764.0
2023-06-10 17:34:31,2023-06-10,2023-06-10 17:34:31,38.92202,-106.9509,2764.0
2023-06-10 17:34:32,2023-06-10,2023-06-10 17:34:32,38.92202,-106.9509,2764.0
2023-06-10 17:34:33,2023-06-10,2023-06-10 17:34:33,38.92202,-106.9509,2764.0
2023-06-10 17:34:34,2023-06-10,2023-06-10 17:34:34,38.92202,-106.9509,2764.0
2023-06-10 17:34:35,2023-06-10,2023-06-10 17:34:35,38.92202,-106.9509,2764.0
2023-06-10 17:34:36,2023-06-10,2023-06-10 17:34:36,38.92202,-106.9509,2764.0
2023-06-10 17:34:37,2023-06-10,2023-06-10 17:34:37,38.92202,-106.9509,2764.0
2023-06-10 17:34:38,2023-06-10,2023-06-10 17:34:38,38.92202,-106.9509,2764.0
2023-06-10 17:34:39,2023-06-10,2023-06-10 17:34:39,38.92202,-106.9509,2764.0
2023-06-10 17:34:40,2023-06-10,2023-06-10 17:34:40,38.92202,-106.9509,2764.0
2023-06-10 17:34:41,2023-06-10,2023-06-10 17:34:41,38.92202,-106.9509,2764.0
2023-06-10 17:34:42,2023-06-10,2023-06-10 17:34:42,38.92202,-106.9509,2764.0
2023-06-10 17:34:43,2023-06-10,2023-06-10 17:34:43,38.92202,-106.9509,2764.0
2023-06-10 17:34:44,2023-06-10,2023-06-10 17:34:44,38.92202,-106.9509,2764.0
2023-06-10 17:34:45,2023-06-10,2023-06-10 17:34:45,38.92202,-106.9509,2764.0
2023-06-10 17:34:46,2023-06-10,2023-06-10 17:34:46,38.92202,-106.9509,2764.0
2023-06-10 17:34:47,2023-06-10,2023-06-10 17:34:47,38.92202,-106.9509,2764.0
2023-06-10 17:34:48,2023-06-10,2023-06-10 17:34:48,38.92202,-106.9509,2764.0
2023-06-10 17:34:49,2023-06-10,2023-06-10 17:34:49,38.92202,-106.9509,2764.0
2023-06-10 17:34:50,2023-06-10,2023-06-10 17:34:50,38.92202,-106.9509,2764.0
2023-06-10 17:34:51,2023-06-10,2023-06-10 17:34:51,38.92202,-106.9509,2764.0
2023-06-10 17:34:52,2023-06-10,2023-06-10 17:34:52,38.92202,-106.9509,2764.0
2023-06-10 17:34:53,2023-06-10,2023-06-10 17:34:53,38.92202,-106.9509,2764.0
2023-06-10 17:34:54,2023-06-10,2023-06-10 17:34:54,38.92202,-106.9509,2764.0
2023-06-10 17:34:55,2023-06-10,2023-06-10 17:34:55,38.92202,-106.9509,2764.0
2023-06-10 17:34:56,2023-06-10,2023-06-10 17:34:56,38.92202,-106.9509,2764.0
2023-06-10 17:34:57,2023-06-10,2023-06-10 17:34:57,38.92202,-106.9509,2764.0
2023-06-10 17:34:58,2023-06-10,2023-06-10 17:34:58,38.92202,-106.9509,2764.0
2023-06-10 17:34:59,2023-06-10,2023-06-10 17:34:59,38.92202,-106.9509,2764.0
2023-06-10 17:35:00,2023-06-10,2023-06-10 17:35:00,38.92202,-106.9509,2764.0
2023-06-10 17:35:01,2023-06-10,2023-06-10 17:35:01,38.92202,-106.9509,2764.0
2023-06-10 17:35:02,2023-06-10,2023-06-10 17:35:02,38.92202,-106.9509,2764.0
2023-06-10 17:35:03,2023-06-10,2023-06-10 17:35:03,38.92202,-106.9509,2764.0
2023-06-10 17:35:04,2023-06-10,2023-06-10 17:35:04,38.92202,-106.9509,2764.0
2023-06-10 17:35:05,2023-06-10,2023-06-10 17:35:05,38.92202,-106.9509,2764.0
2023-06-10 17:35:06,2023-06-10,2023-06-10 17:35:06,38.92202,-106.9509,2764.0
2023-06-10 17:35:07,2023-06-10,2023-06-10 17:35:07,38.92202,-106.9509,2764.0
2023-06-10 17:35:08,2023-06-10,2023-06-10 17:35:08,38.92202,-106.9509,2764.0
2023-06-10 17:35:09,2023-06-10,2023-06-10 17:35:09,38.92202,-106.9509,2764.0
2023-06-10 17:35:10,2023-06-10,2023-06-10 17:35:10,38.92202,-106.9509,2764.0
2023-06-10 17:35:11,2023-06-10,2023-06-10 17:35:11,38.92202,-106.9509,2764.0
2023-06-10 17:35:12,2023-06-10,2023-06-10 17:35:12,38.92202,-106.9509,2764.0
2023-06-10 17:35:13,2023-06-10,2023-06-10 17:35:13,38.92202,-106.9509,2764.0
2023-06-10 17:35:14,2023-06-10,2023-06-10 17:35:14,38.92202,-106.9509,2764.0
2023-06-10 17:35:15,2023-06-10,2023-06-10 17:35:15,38.92202,-106.9509,2764.0
2023-06-10 17:35:16,2023-06-10,2023-06-10 17:35:16,38.92202,-106.9509,2764.0
2023-06-10 17:35:17,2023-06-10,2023-06-10 17:35:17,38.92202,-106.9509,2764.0
2023-06-10 17:35:18,2023-06-10,2023-06-10 17:35:18,38.92202,-106.9509,2764.0
2023-06-10 17:35:19,2023-06-10,2023-06-10 17:35:19,38.92202,-106.9509,2764.0
2023-06-10 17:35:20,2023-06-10,2023-06-10 17:35:20,38.92202,-106.9509,2764.0
2023-06-10 17:35:21,2023-06-10,2023-06-10 17:35:21,38.92202,-106.9509,2764.0
2023-06-10 17:35:22,2023-06-10,2023-06-10 17:35:22,38.92202,-106.9509,2764.0
2023-06-10 17:35:23,2023-06-10,2023-06-10 17:35:23,38.92202,-106.9509,2764.0
2023-06-10 17:35:24,2023-06-10,2023-06-10 17:35:24,38.92202,-106.9509,2764.0
2023-06-10 17:35:25,2023-06-10,2023-06-10 17:35:25,38.92202,-106.9509,2764.0
2023-06-10 17:35:26,2023-06-10,2023-06-10 17:35:26,38.92202,-106.9509,2764.0
2023-06-10 17:35:27,2023-06-10,2023-06-10 17:35:27,38.92202,-106.9509,2764.0
2023-06-10 17:35:28,2023-06-10,2023-06-10 17:35:28,38.92202,-106.9509,2764.0
2023-06-10 17:35:29,2023-06-10,2023-06-10 17:35:29,38.92202,-106.9509,2764.0
2023-06-10 17:35:30,2023-06-10,2023-06-10 17:35:30,38.92202,-106.9509,2764.0
2023-06-10 17:35:31,2023-06-10,2023-06-10 17:35:31,38.92202,-106.9509,2764.0
2023-06-10 17:35:32,2023-06-10,2023-06-10 17:35:32,38.92202,-106.9509,2764.0
2023-06-10 17:35:33,2023-06-10,2023-06-10 17:35:33,38.92202,-106.9509,2764.0
2023-06-10 17:35:34,2023-06-10,2023-06-10 17:35:34,38.92202,-106.9509,2764.0
2023-06-10 17:35:35,2023-06-10,2023-06-10 17:35:35,38.92202,-106.9509,2764.0
2023-06-10 17:35:36,2023-06-10,2023-06-10 17:35:36,38.92202,-106.9509,2764.0
2023-06-10 17:35:37,2023-06-10,2023-06-10 17:35:37,38.92202,-106.9509,2764.0
2023-06-10 17:35:38,2023-06-10,2023-06-10 17:35:38,38.92202,-106.9509,2764.0
2023-06-10 17:35:39,2023-06-10,2023-06-10 17:35:39,38.92202,-106.9509,2764.0
2023-06-10 17:35:40,2023-06-10,2023-06-10 17:35:40,38.92202,-106.9509,2764.0
2023-06-10 17:35:41,2023-06-10,2023-06-10 17:35:41,38.92202,-106.9509,2764.0
2023-06-10 17:35:42,2023-06-10,2023-06-10 17:35:42,38.92202,-106.9509,2764.0
2023-06-10 17:35:43,2023-06-10,2023-06-10 17:35:43,38.92202,-106.9509,2764.0
2023-06-10 17:35:44,2023-06-10,2023-06-10 17:35:44,38.92202,-106.9509,2764.0
2023-06-10 17:35:45,2023-06-10,2023-06-10 17:35:45,38.92202,-106.9509,2764.0
2023-06-10 17:35:46,2023-06-10,2023-06-10 17:35:46,38.92202,-106.9509,2764.0
2023-06-10 17:35:47,2023-06-10,2023-06-10 17:35:47,38.92202,-106.9509,2764.0
2023-06-10 17:35:48,2023-06-10,2023-06-10 17:35:48,38.92202,-106.9509,2764.0
2023-06-10 17:35:49,2023-06-10,2023-06-10 17:35:49,38.92202,-106.9509,2764.0
2023-06-10 17:35:50,2023-06-10,2023-06-10 17:35:50,38.92202,-106.9509,2764.0
2023-06-10 17:35:51,2023-06-10,2023-06-10 17:35:51,38.92202,-106.9509,2764.0
2023-06-10 17:35:52,2023-06-10,2023-06-10 17:35:52,38.92202,-106.9509,2764.0
2023-06-10 17:35:53,2023-06-10,2023-06-10 17:35:53,38.92202,-106.9509,2764.0
2023-06-10 17:35:54,2023-06-10,2023-06-10 17:35:54,38.92202,-106.9509,2764.0
2023-06-10 17:35:55,2023-06-10,2023-06-10 17:35:55,38.92202,-106.9509,2764.0
2023-06-10 17:35:56,2023-06-10,2023-06-10 17:35:56,38.92202,-106.9509,2764.0
2023-06-10 17:35:57,2023-06-10,2023-06-10 17:35:57,38.92202,-106.9509,2764.0
2023-06-10 17:35:58,2023-06-10,2023-06-10 17:35:58,38.92202,-106.9509,2764.0
2023-06-10 17:35:59,2023-06-10,2023-06-10 17:35:59,38.92202,-106.9509,2764.0
2023-06-10 17:36:00,2023-06-10,2023-06-10 17:36:00,38.92202,-106.9509,2764.0
2023-06-10 17:36:01,2023-06-10,2023-06-10 17:36:01,38.92202,-106.9509,2764.0
2023-06-10 17:36:02,2023-06-10,2023-06-10 17:36:02,38.92202,-106.9509,2764.0
2023-06-10 17:36:03,2023-06-10,2023-06-10 17:36:03,38.92202,-106.9509,2764.0
2023-06-10 17:36:04,2023-06-10,2023-06-10 17:36:04,38.92202,-106.9509,2764.0
2023-06-10 17:36:05,2023-06-10,2023-06-10 17:36:05,38.92202,-106.9509,2764.0
2023-06-10 17:36:06,2023-06-10,2023-06-10 17:36:06,38.92202,-106.9509,2764.0
2023-06-10 17:36:07,2023-06-10,2023-06-10 17:36:07,38.92202,-106.9509,2764.0
2023-06-10 17:36:08,2023-06-10,2023-06-10 17:36:08,38.92202,-106.9509,2764.0
2023-06-10 17:36:09,2023-06-10,2023-06-10 17:36:09,38.92202,-106.9509,2764.0
2023-06-10 17:36:10,2023-06-10,2023-06-10 17:36:10,38.92202,-106.9509,2764.0
2023-06-10 17:36:11,2023-06-10,2023-06-10 17:36:11,38.92202,-106.9509,2764.0
2023-06-10 17:36:12,2023-06-10,2023-06-10 17:36:12,38.92202,-106.9509,2764.0
2023-06-10 17:36:13,2023-06-10,2023-06-10 17:36:13,38.92202,-106.9509,2764.0
2023-06-10 17:36:14,2023-06-10,2023-06-10 17:36:14,38.92202,-106.9509,2764.0
2023-06-10 17:36:15,2023-06-10,2023-06-10 17:36:15,38.92202,-106.9509,2764.0
2023-06-10 17:36:16,2023-06-10,2023-06-10 17:36:16,38.92202,-106.9509,2764.0
2023-06-10 17:36:17,2023-06-10,2023-06-10 17:36:17,38.92202,-106.9509,2764.0
2023-06-10 17:36:18,2023-06-10,2023-06-10 17:36:18,38.92202,-106.9509,2764.0
2023-06-10 17:36:19,2023-06-10,2023-06-10 17:36:19,38.92202,-106.9509,2764.0
2023-06-10 17:36:20,2023-06-10,2023-06-10 17:36:20,38.92202,-106.9509,2764.0
2023-06-10 17:36:21,2023-06-10,2023-06-10 17:36:21,38.92202,-106.9509,2764.0
2023-06-10 17:36:22,2023-06-10,2023-06-10 17:36:22,38.92202,-106.9509,2764.0
2023-06-10 17:36:23,2023-06-10,2023-06-10 17:36:23,38.92202,-106.9509,2764.0
2023-06-10 17:36:24,2023-06-10,2023-06-10 17:36:24,38.92202,-106.9509,2764.0
2023-06-10 17:36:25,2023-06-10,2023-06-10 17:36:25,38.92202,-106.9509,2764.0
2023-06-10 17:36:26,2023-06-10,2023-06-10 17:36:26,38.92202,-106.9509,2764.0
2023-06-10 17:36:27,2023-06-10,2023-06-10 17:36:27,38.92202,-106.9509,2764.0
2023-06-10 17:36:28,2023-06-10,2023-06-10 17:36:28,38.92202,-106.9509,2764.0
2023-06-10 17:36:29,2023-06-10,2023-06-10 17:36:29,38.92202,-106.9509,2764.0
2023-06-10 17:36:30,2023-06-10,2023-06-10 17:36:30,38.92202,-106.9509,2764.0
2023-06-10 17:36:31,2023-06-10,2023-06-10 17:36:31,38.92202,-106.9509,2764.0
2023-06-10 17:36:32,2023-06-10,2023-06-10 17:36:32,38.92202,-106.9509,2764.0
2023-06-10 17:36:33,2023-06-10,2023-06-10 17:36:33,38.92202,-106.9509,2764.0
2023-06-10 17:36:34,2023-06-10,2023-06-10 17:36:34,38.92202,-106.9509,2764.0
2023-06-10 17:36:35,2023-06-10,2023-06-10 17:36:35,38.92202,-106.9509,2764.0
2023-06-10 17:36:36,2023-06-10,2023-06-10 17:36:36,38.92202,-106.9509,2764.0
2023-06-10 17:36:37,2023-06-10,2023-06-10 17:36:37,38.92202,-106.9509,2764.0
2023-06-10 17:36:38,2023-06-10,2023-06-10 17:36:38,38.92202,-106.9509,2764.0
2023-06-10 17:36:39,2023-06-10,2023-06-10 17:36:39,38.92202,-106.9509,2764.0
2023-06-10 17:36:40,2023-06-10,2023-06-10 17:36:40,38.92202,-106.9509,2764.0
2023-06-10 17:36:41,2023-06-10,2023-06-10 17:36:41,38.92202,-106.9509,2764.0
2023-06-10 17:36:42,2023-06-10,2023-06-10 17:36:42,38.92202,-106.9509,2764.0
2023-06-10 17:36:43,2023-06-10,2023-06-10 17:36:43,38.92202,-106.9509,2764.0
2023-06-10 17:36:44,2023-06-10,2023-06-10 17:36:44,38.92202,-106.9509,2764.0
2023-06-10 17:36:45,2023-06-10,2023-06-10 17:36:45,38.92202,-106.9509,2764.0
2023-06-10 17:36:46,2023-06-10,2023-06-10 17:36:46,38.92202,-106.9509,2764.0
2023-06-10 17:36:47,2023-06-10,2023-06-10 17:36:47,38.92202,-106.9509,2764.0
2023-06-10 17:36:48,2023-06-10,2023-06-10 17:36:48,38.92202,-106.9509,2764.0
2023-06-10 17:36:49,2023-06-10,2023-06-10 17:36:49,38.92202,-106.9509,2764.0
2023-06-10 17:36:50,2023-06-10,2023-06-10 17:36:50,38.92202,-106.9509,2764.0
2023-06-10 17:36:51,2023-06-10,2023-06-10 17:36:51,38.92202,-106.9509,2764.0
2023-06-10 17:36:52,2023-06-10,2023-06-10 17:36:52,38.92202,-106.9509,2764.0
2023-06-10 17:36:53,2023-06-10,2023-06-10 17:36:53,38.92202,-106.9509,2764.0
2023-06-10 17:36:54,2023-06-10,2023-06-10 17:36:54,38.92202,-106.9509,2764.0
2023-06-10 17:36:55,2023-06-10,2023-06-10 17:36:55,38.92202,-106.9509,2764.0
2023-06-10 17:36:56,2023-06-10,2023-06-10 17:36:56,38.92202,-106.9509,2764.0
2023-06-10 17:36:57,2023-06-10,2023-06-10 17:36:57,38.92202,-106.9509,2764.0
2023-06-10 17:36:58,2023-06-10,2023-06-10 17:36:58,38.92202,-106.9509,2764.0
2023-06-10 17:36:59,2023-06-10,2023-06-10 17:36:59,38.92202,-106.9509,2764.0
2023-06-10 17:37:00,2023-06-10,2023-06-10 17:37:00,38.92202,-106.9509,2764.0
2023-06-10 17:37:01,2023-06-10,2023-06-10 17:37:01,38.92202,-106.9509,2764.0
2023-06-10 17:37:02,2023-06-10,2023-06-10 17:37:02,38.92202,-106.9509,2764.0
2023-06-10 17:37:03,2023-06-10,2023-06-10 17:37:03,38.92202,-106.9509,2764.0
2023-06-10 17:37:04,2023-06-10,2023-06-10 17:37:04,38.92202,-106.9509,2764.0
2023-06-10 17:37:05,2023-06-10,2023-06-10 17:37:05,38.92202,-106.9509,2764.0
2023-06-10 17:37:06,2023-06-10,2023-06-10 17:37:06,38.92202,-106.9509,2764.0
2023-06-10 17:37:07,2023-06-10,2023-06-10 17:37:07,38.92202,-106.9509,2764.0
2023-06-10 17:37:08,2023-06-10,2023-06-10 17:37:08,38.92202,-106.9509,2764.0
2023-06-10 17:37:09,2023-06-10,2023-06-10 17:37:09,38.92202,-106.9509,2764.0
2023-06-10 17:37:10,2023-06-10,2023-06-10 17:37:10,38.92202,-106.9509,2764.0
2023-06-10 17:37:11,2023-06-10,2023-06-10 17:37:11,38.92202,-106.9509,2764.0
2023-06-10 17:37:12,2023-06-10,2023-06-10 17:37:12,38.92202,-106.9509,2764.0
2023-06-10 17:37:13,2023-06-10,2023-06-10 17:37:13,38.92202,-106.9509,2764.0
2023-06-10 17:37:14,2023-06-10,2023-06-10 17:37:14,38.92202,-106.9509,2764.0
2023-06-10 17:37:15,2023-06-10,2023-06-10 17:37:15,38.92202,-106.9509,2764.0
2023-06-10 17:37:16,2023-06-10,2023-06-10 17:37:16,38.92202,-106.9509,2764.0
2023-06-10 17:37:17,2023-06-10,2023-06-10 17:37:17,38.92202,-106.9509,2764.0
2023-06-10 17:37:18,2023-06-10,2023-06-10 17:37:18,38.92202,-106.9509,2764.0
2023-06-10 17:37:19,2023-06-10,2023-06-10 17:37:19,38.92202,-106.9509,2764.0
2023-06-10 17:37:20,2023-06-10,2023-06-10 17:37:20,38.92202,-106.9509,2764.0
2023-06-10 17:37:21,2023-06-10,2023-06-10 17:37:21,38.92202,-106.9509,2764.0
2023-06-10 17:37:22,2023-06-10,2023-06-10 17:37:22,38.92202,-106.9509,2764.0
2023-06-10 17:37:23,2023-06-10,2023-06-10 17:37:23,38.92202,-106.9509,2764.0
2023-06-10 17:37:24,2023-06-10,2023-06-10 17:37:24,38.92202,-106.9509,2764.0
2023-06-10 17:37:25,2023-06-10,2023-06-10 17:37:25,38.92202,-106.9509,2764.0
2023-06-10 17:37:26,2023-06-10,2023-06-10 17:37:26,38.92202,-106.9509,2764.0
2023-06-10 17:37:27,2023-06-10,2023-06-10 17:37:27,38.92202,-106.9509,2764.0
2023-06-10 17:37:28,2023-06-10,2023-06-10 17:37:28,38.92202,-106.9509,2764.0
2023-06-10 17:37:29,2023-06-10,2023-06-10 17:37:29,38.92202,-106.9509,2764.0
2023-06-10 17:37:30,2023-06-10,2023-06-10 17:37:30,38.92202,-106.9509,2764.0
2023-06-10 17:37:31,2023-06-10,2023-06-10 17:37:31,38.92202,-106.9509,2764.0
2023-06-10 17:37:32,2023-06-10,2023-06-10 17:37:32,38.92202,-106.9509,2764.0
2023-06-10 17:37:33,2023-06-10,2023-06-10 17:37:33,38.92202,-106.9509,2764.0
2023-06-10 17:37:34,2023-06-10,2023-06-10 17:37:34,38.92202,-106.9509,2764.0
2023-06-10 17:37:35,2023-06-10,2023-06-10 17:37:35,38.92202,-106.9509,2764.0
2023-06-10 17:37:36,2023-06-10,2023-06-10 17:37:36,38.92202,-106.9509,2764.0
2023-06-10 17:37:37,2023-06-10,2023-06-10 17:37:37,38.92202,-106.9509,2764.0
2023-06-10 17:37:38,2023-06-10,2023-06-10 17:37:38,38.92202,-106.9509,2764.0
2023-06-10 17:37:39,2023-06-10,2023-06-10 17:37:39,38.92202,-106.9509,2764.0
2023-06-10 17:37:40,2023-06-10,2023-06-10 17:37:40,38.92202,-106.9509,2764.0
2023-06-10 17:37:41,2023-06-10,2023-06-10 17:37:41,38.92202,-106.9509,2764.0
2023-06-10 17:37:42,2023-06-10,2023-06-10 17:37:42,38.92202,-106.9509,2764.0
2023-06-10 17:37:43,2023-06-10,2023-06-10 17:37:43,38.92202,-106.9509,2764.0
2023-06-10 17:37:44,2023-06-10,2023-06-10 17:37:44,38.92202,-106.9509,2764.0
2023-06-10 17:37:45,2023-06-10,2023-06-10 17:37:45,38.92202,-106.9509,2764.0
2023-06-10 17:37:46,2023-06-10,2023-06-10 17:37:46,38.92202,-106.9509,2764.0
2023-06-10 17:37:47,2023-06-10,2023-06-10 17:37:47,38.92202,-106.9509,2764.0
2023-06-10 17:37:48,2023-06-10,2023-06-10 17:37:48,38.92202,-106.9509,2764.0
2023-06-10 17:37:49,2023-06-10,2023-06-10 17:37:49,38.92202,-106.9509,2764.0
2023-06-10 17:37:50,2023-06-10,2023-06-10 17:37:50,38.92202,-106.9509,2764.0
2023-06-10 17:37:51,2023-06-10,2023-06-10 17:37:51,38.92202,-106.9509,2764.0
2023-06-10 17:37:52,2023-06-10,2023-06-10 17:37:52,38.92202,-106.9509,2764.0
2023-06-10 17:37:53,2023-06-10,2023-06-10 17:37:53,38.92202,-106.9509,2764.0
2023-06-10 17:37:54,2023-06-10,2023-06-10 17:37:54,38.92202,-106.9509,2764.0
2023-06-10 17:37:55,2023-06-10,2023-06-10 17:37:55,38.92202,-106.9509,2764.0
2023-06-10 17:37:56,2023-06-10,2023-06-10 17:37:56,38.92202,-106.9509,2764.0
2023-06-10 17:37:57,2023-06-10,2023-06-10 17:37:57,38.92202,-106.9509,2764.0
2023-06-10 17:37:58,2023-06-10,2023-06-10 17:37:58,38.92202,-106.9509,2764.0
2023-06-10 17:37:59,2023-06-10,2023-06-10 17:37:59,38.92202,-106.9509,2764.0
2023-06-10 17:38:00,2023-06-10,2023-06-10 17:38:00,38.92202,-106.9509,2764.0
2023-06-10 17:38:01,2023-06-10,2023-06-10 17:38:01,38.92202,-106.9509,2764.0
2023-06-10 17:38:02,2023-06-10,2023-06-10 17:38:02,38.92202,-106.9509,2764.0
2023-06-10 17:38:03,2023-06-10,2023-06-10 17:38:03,38.92202,-106.9509,2764.0
2023-06-10 17:38:04,2023-06-10,2023-06-10 17:38:04,38.92202,-106.9509,2764.0
2023-06-10 17:38:05,2023-06-10,2023-06-10 17:38:05,38.92202,-106.9509,2764.0
2023-06-10 17:38:06,2023-06-10,2023-06-10 17:38:06,38.92202,-106.9509,2764.0
2023-06-10 17:38:07,2023-06-10,2023-06-10 17:38:07,38.92202,-106.9509,2764.0
2023-06-10 17:38:08,2023-06-10,2023-06-10 17:38:08,38.92202,-106.9509,2764.0
2023-06-10 17:38:09,2023-06-10,2023-06-10 17:38:09,38.92202,-106.9509,2764.0
2023-06-10 17:38:10,2023-06-10,2023-06-10 17:38:10,38.92202,-106.9509,2764.0
2023-06-10 17:38:11,2023-06-10,2023-06-10 17:38:11,38.92202,-106.9509,2764.0
2023-06-10 17:38:12,2023-06-10,2023-06-10 17:38:12,38.92202,-106.9509,2764.0
2023-06-10 17:38:13,2023-06-10,2023-06-10 17:38:13,38.92202,-106.9509,2764.0
2023-06-10 17:38:14,2023-06-10,2023-06-10 17:38:14,38.92202,-106.9509,2764.0
2023-06-10 17:38:15,2023-06-10,2023-06-10 17:38:15,38.92202,-106.9509,2764.0
2023-06-10 17:38:16,2023-06-10,2023-06-10 17:38:16,38.92202,-106.9509,2764.0
2023-06-10 17:38:17,2023-06-10,2023-06-10 17:38:17,38.92202,-106.9509,2764.0
2023-06-10 17:38:18,2023-06-10,2023-06-10 17:38:18,38.92202,-106.9509,2764.0
2023-06-10 17:38:19,2023-06-10,2023-06-10 17:38:19,38.92202,-106.9509,2764.0
2023-06-10 17:38:20,2023-06-10,2023-06-10 17:38:20,38.92202,-106.9509,2764.0
2023-06-10 17:38:21,2023-06-10,2023-06-10 17:38:21,38.92202,-106.9509,2764.0
2023-06-10 17:38:22,2023-06-10,2023-06-10 17:38:22,38.92202,-106.9509,2764.0
2023-06-10 17:38:23,2023-06-10,2023-06-10 17:38:23,38.92202,-106.9509,2764.0
2023-06-10 17:38:24,2023-06-10,2023-06-10 17:38:24,38.92202,-106.9509,2764.0
2023-06-10 17:38:25,2023-06-10,2023-06-10 17:38:25,38.92202,-106.9509,2764.0
2023-06-10 17:38:26,2023-06-10,2023-06-10 17:38:26,38.92202,-106.9509,2764.0
2023-06-10 17:38:27,2023-06-10,2023-06-10 17:38:27,38.92202,-106.9509,2764.0
2023-06-10 17:38:28,2023-06-10,2023-06-10 17:38:28,38.92202,-106.9509,2764.0
2023-06-10 17:38:29,2023-06-10,2023-06-10 17:38:29,38.92202,-106.9509,2764.0
2023-06-10 17:38:30,2023-06-10,2023-06-10 17:38:30,38.92202,-106.9509,2764.0
2023-06-10 17:38:31,2023-06-10,2023-06-10 17:38:31,38.92202,-106.9509,2764.0
2023-06-10 17:38:32,2023-06-10,2023-06-10 17:38:32,38.92202,-106.9509,2764.0
2023-06-10 17:38:33,2023-06-10,2023-06-10 17:38:33,38.92202,-106.9509,2764.0
2023-06-10 17:38:34,2023-06-10,2023-06-10 17:38:34,38.92202,-106.9509,2764.0
2023-06-10 17:38:35,2023-06-10,2023-06-10 17:38:35,38.92202,-106.9509,2764.0
2023-06-10 17:38:36,2023-06-10,2023-06-10 17:38:36,38.92202,-106.9509,2764.0
2023-06-10 17:38:37,2023-06-10,2023-06-10 17:38:37,38.92202,-106.9509,2764.0
2023-06-10 17:38:38,2023-06-10,2023-06-10 17:38:38,38.92202,-106.9509,2764.0
2023-06-10 17:38:39,2023-06-10,2023-06-10 17:38:39,38.92202,-106.9509,2764.0
2023-06-10 17:38:40,2023-06-10,2023-06-10 17:38:40,38.92202,-106.9509,2764.0
2023-06-10 17:38:41,2023-06-10,2023-06-10 17:38:41,38.92202,-106.9509,2764.0
2023-06-10 17:38:42,2023-06-10,2023-06-10 17:38:42,38.92202,-106.9509,2764.0
2023-06-10 17:38:43,2023-06-10,2023-06-10 17:38:43,38.92202,-106.9509,2764.0
2023-06-10 17:38:44,2023-06-10,2023-06-10 17:38:44,38.92202,-106.9509,2764.0
2023-06-10 17:38:45,2023-06-10,2023-06-10 17:38:45,38.92202,-106.9509,2764.0
2023-06-10 17:38:46,2023-06-10,2023-06-10 17:38:46,38.92202,-106.9509,2764.0
2023-06-10 17:38:47,2023-06-10,2023-06-10 17:38:47,38.92202,-106.9509,2764.0
2023-06-10 17:38:48,2023-06-10,2023-06-10 17:38:48,38.92202,-106.9509,2764.0
2023-06-10 17:38:49,2023-06-10,2023-06-10 17:38:49,38.92202,-106.9509,2764.0
2023-06-10 17:38:50,2023-06-10,2023-06-10 17:38:50,38.92202,-106.9509,2764.0
2023-06-10 17:38:51,2023-06-10,2023-06-10 17:38:51,38.92202,-106.9509,2764.0
2023-06-10 17:38:52,2023-06-10,2023-06-10 17:38:52,38.92202,-106.9509,2764.0
2023-06-10 17:38:53,2023-06-10,2023-06-10 17:38:53,38.92202,-106.9509,2764.0
2023-06-10 17:38:54,2023-06-10,2023-06-10 17:38:54,38.92202,-106.9509,2764.0
2023-06-10 17:38:55,2023-06-10,2023-06-10 17:38:55,38.92202,-106.9509,2764.0
2023-06-10 17:38:56,2023-06-10,2023-06-10 17:38:56,38.92202,-106.9509,2764.0
2023-06-10 17:38:57,2023-06-10,2023-06-10 17:38:57,38.92202,-106.9509,2764.0
2023-06-10 17:38:58,2023-06-10,2023-06-10 17:38:58,38.92202,-106.9509,2764.0
2023-06-10 17:38:59,2023-06-10,2023-06-10 17:38:59,38.92202,-106.9509,2764.0
2023-06-10 17:39:00,2023-06-10,2023-06-10 17:39:00,38.92202,-106.9509,2764.0
2023-06-10 17:39:01,2023-06-10,2023-06-10 17:39:01,38.92202,-106.9509,2764.0
2023-06-10 17:39:02,2023-06-10,2023-06-10 17:39:02,38.92202,-106.9509,2764.0
2023-06-10 17:39:03,2023-06-10,2023-06-10 17:39:03,38.92202,-106.9509,2764.0
2023-06-10 17:39:04,2023-06-10,2023-06-10 17:39:04,38.92202,-106.9509,2764.0
2023-06-10 17:39:05,2023-06-10,2023-06-10 17:39:05,38.92202,-106.9509,2764.0
2023-06-10 17:39:06,2023-06-10,2023-06-10 17:39:06,38.92202,-106.9509,2764.0
2023-06-10 17:39:07,2023-06-10,2023-06-10 17:39:07,38.92202,-106.9509,2764.0
2023-06-10 17:39:08,2023-06-10,2023-06-10 17:39:08,38.92202,-106.9509,2764.0
2023-06-10 17:39:09,2023-06-10,2023-06-10 17:39:09,38.92202,-106.9509,2764.0
2023-06-10 17:39:10,2023-06-10,2023-06-10 17:39:10,38.92202,-106.9509,2764.0
2023-06-10 17:39:11,2023-06-10,2023-06-10 17:39:11,38.92202,-106.9509,2764.0
2023-06-10 17:39:12,2023-06-10,2023-06-10 17:39:12,38.92202,-106.9509,2764.0
2023-06-10 17:39:13,2023-06-10,2023-06-10 17:39:13,38.92202,-106.9509,2764.0
2023-06-10 17:39:14,2023-06-10,2023-06-10 17:39:14,38.92202,-106.9509,2764.0
2023-06-10 17:39:15,2023-06-10,2023-06-10 17:39:15,38.92202,-106.9509,2764.0
2023-06-10 17:39:16,2023-06-10,2023-06-10 17:39:16,38.92202,-106.9509,2764.0
2023-06-10 17:39:17,2023-06-10,2023-06-10 17:39:17,38.92202,-106.9509,2764.0
2023-06-10 17:39:18,2023-06-10,2023-06-10 17:39:18,38.92202,-106.9509,2764.0
2023-06-10 17:39:19,2023-06-10,2023-06-10 17:39:19,38.92202,-106.9509,2764.0
2023-06-10 17:39:20,2023-06-10,2023-06-10 17:39:20,38.92202,-106.9509,2764.0
2023-06-10 17:39:21,2023-06-10,2023-06-10 17:39:21,38.92202,-106.9509,2764.0
2023-06-10 17:39:22,2023-06-10,2023-06-10 17:39:22,38.92202,-106.9509,2764.0
2023-06-10 17:39:23,2023-06-10,2023-06-10 17:39:23,38.92202,-106.9509,2764.0
2023-06-10 17:39:24,2023-06-10,2023-06-10 17:39:24,38.92202,-106.9509,2764.0
2023-06-10 17:39:25,2023-06-10,2023-06-10 17:39:25,38.92202,-106.9509,2764.0
2023-06-10 17:39:26,2023-06-10,2023-06-10 17:39:26,38.92202,-106.9509,2764.0
2023-06-10 17:39:27,2023-06-10,2023-06-10 17:39:27,38.92202,-106.9509,2764.0
2023-06-10 17:39:28,2023-06-10,2023-06-10 17:39:28,38.92202,-106.9509,2764.0
2023-06-10 17:39:29,2023-06-10,2023-06-10 17:39:29,38.92202,-106.9509,2764.0
2023-06-10 17:39:30,2023-06-10,2023-06-10 17:39:30,38.92202,-106.9509,2764.0
2023-06-10 17:39:31,2023-06-10,2023-06-10 17:39:31,38.92202,-106.9509,2764.0
2023-06-10 17:39:32,2023-06-10,2023-06-10 17:39:32,38.92202,-106.9509,2764.0
2023-06-10 17:39:33,2023-06-10,2023-06-10 17:39:33,38.92202,-106.9509,2764.0
2023-06-10 17:39:34,2023-06-10,2023-06-10 17:39:34,38.92202,-106.9509,2764.0
2023-06-10 17:39:35,2023-06-10,2023-06-10 17:39:35,38.92202,-106.9509,2764.0
2023-06-10 17:39:36,2023-06-10,2023-06-10 17:39:36,38.92202,-106.9509,2764.0
2023-06-10 17:39:37,2023-06-10,2023-06-10 17:39:37,38.92202,-106.9509,2764.0
2023-06-10 17:39:38,2023-06-10,2023-06-10 17:39:38,38.92202,-106.9509,2764.0
2023-06-10 17:39:39,2023-06-10,2023-06-10 17:39:39,38.92202,-106.9509,2764.0
2023-06-10 17:39:40,2023-06-10,2023-06-10 17:39:40,38.92202,-106.9509,2764.0
2023-06-10 17:39:41,2023-06-10,2023-06-10 17:39:41,38.92202,-106.9509,2764.0
2023-06-10 17:39:42,2023-06-10,2023-06-10 17:39:42,38.92202,-106.9509,2764.0
2023-06-10 17:39:43,2023-06-10,2023-06-10 17:39:43,38.92202,-106.9509,2764.0
2023-06-10 17:39:44,2023-06-10,2023-06-10 17:39:44,38.92202,-106.9509,2764.0
2023-06-10 17:39:45,2023-06-10,2023-06-10 17:39:45,38.92202,-106.9509,2764.0
2023-06-10 17:39:46,2023-06-10,2023-06-10 17:39:46,38.92202,-106.9509,2764.0
2023-06-10 17:39:47,2023-06-10,2023-06-10 17:39:47,38.92202,-106.9509,2764.0
2023-06-10 17:39:48,2023-06-10,2023-06-10 17:39:48,38.92202,-106.9509,2764.0
2023-06-10 17:39:49,2023-06-10,2023-06-10 17:39:49,38.92202,-106.9509,2764.0
2023-06-10 17:39:50,2023-06-10,2023-06-10 17:39:50,38.92202,-106.9509,2764.0
2023-06-10 17:39:51,2023-06-10,2023-06-10 17:39:51,38.92202,-106.9509,2764.0
2023-06-10 17:39:52,2023-06-10,2023-06-10 17:39:52,38.92202,-106.9509,2764.0
2023-06-10 17:39:53,2023-06-10,2023-06-10 17:39:53,38.92202,-106.9509,2764.0
2023-06-10 17:39:54,2023-06-10,2023-06-10 17:39:54,38.92202,-106.9509,2764.0
2023-06-10 17:39:55,2023-06-10,2023-06-10 17:39:55,38.92202,-106.9509,2764.0
2023-06-10 17:39:56,2023-06-10,2023-06-10 17:39:56,38.92202,-106.9509,2764.0
2023-06-10 17:39:57,2023-06-10,2023-06-10 17:39:57,38.92202,-106.9509,2764.0
2023-06-10 17:39:58,2023-06-10,2023-06-10 17:39:58,38.92202,-106.9509,2764.0
2023-06-10 17:39:59,2023-06-10,2023-06-10 17:39:59,38.92202,-106.9509,2764.0
2023-06-10 17:40:00,2023-06-10,2023-06-10 17:40:00,38.92202,-106.9509,2764.0
2023-06-10 17:40:01,2023-06-10,2023-06-10 17:40:01,38.92202,-106.9509,2764.0
2023-06-10 17:40:02,2023-06-10,2023-06-10 17:40:02,38.92202,-106.9509,2764.0
2023-06-10 17:40:03,2023-06-10,2023-06-10 17:40:03,38.92202,-106.9509,2764.0
2023-06-10 17:40:04,2023-06-10,2023-06-10 17:40:04,38.92202,-106.9509,2764.0
2023-06-10 17:40:05,2023-06-10,2023-06-10 17:40:05,38.92202,-106.9509,2764.0
2023-06-10 17:40:06,2023-06-10,2023-06-10 17:40:06,38.92202,-106.9509,2764.0
2023-06-10 17:40:07,2023-06-10,2023-06-10 17:40:07,38.92202,-106.9509,2764.0
2023-06-10 17:40:08,2023-06-10,2023-06-10 17:40:08,38.92202,-106.9509,2764.0
2023-06-10 17:40:09,2023-06-10,2023-06-10 17:40:09,38.92202,-106.9509,2764.0
2023-06-10 17:40:10,2023-06-10,2023-06-10 17:40:10,38.92202,-106.9509,2764.0
2023-06-10 17:40:11,2023-06-10,2023-06-10 17:40:11,38.92202,-106.9509,2764.0
2023-06-10 17:40:12,2023-06-10,2023-06-10 17:40:12,38.92202,-106.9509,2764.0
2023-06-10 17:40:13,2023-06-10,2023-06-10 17:40:13,38.92202,-106.9509,2764.0
2023-06-10 17:40:14,2023-06-10,2023-06-10 17:40:14,38.92202,-106.9509,2764.0
2023-06-10 17:40:15,2023-06-10,2023-06-10 17:40:15,38.92202,-106.9509,2764.0
2023-06-10 17:40:16,2023-06-10,2023-06-10 17:40:16,38.92202,-106.9509,2764.0
2023-06-10 17:40:17,2023-06-10,2023-06-10 17:40:17,38.92202,-106.9509,2764.0
2023-06-10 17:40:18,2023-06-10,2023-06-10 17:40:18,38.92202,-106.9509,2764.0
2023-06-10 17:40:19,2023-06-10,2023-06-10 17:40:19,38.92202,-106.9509,2764.0
2023-06-10 17:40:20,2023-06-10,2023-06-10 17:40:20,38.92202,-106.9509,2764.0
2023-06-10 17:40:21,2023-06-10,2023-06-10 17:40:21,38.92202,-106.9509,2764.0
2023-06-10 17:40:22,2023-06-10,2023-06-10 17:40:22,38.92202,-106.9509,2764.0
2023-06-10 17:40:23,2023-06-10,2023-06-10 17:40:23,38.92202,-106.9509,2764.0
2023-06-10 17:40:24,2023-06-10,2023-06-10 17:40:24,38.92202,-106.9509,2764.0
2023-06-10 17:40:25,2023-06-10,2023-06-10 17:40:25,38.92202,-106.9509,2764.0
2023-06-10 17:40:26,2023-06-10,2023-06-10 17:40:26,38.92202,-106.9509,2764.0
2023-06-10 17:40:27,2023-06-10,2023-06-10 17:40:27,38.92202,-106.9509,2764.0
2023-06-10 17:40:28,2023-06-10,2023-06-10 17:40:28,38.92202,-106.9509,2764.0
2023-06-10 17:40:29,2023-06-10,2023-06-10 17:40:29,38.92202,-106.9509,2764.0
2023-06-10 17:40:30,2023-06-10,2023-06-10 17:40:30,38.92202,-106.9509,2764.0
2023-06-10 17:40:31,2023-06-10,2023-06-10 17:40:31,38.92202,-106.9509,2764.0
2023-06-10 17:40:32,2023-06-10,2023-06-10 17:40:32,38.92202,-106.9509,2764.0
2023-06-10 17:40:33,2023-06-10,2023-06-10 17:40:33,38.92202,-106.9509,2764.0
2023-06-10 17:40:34,2023-06-10,2023-06-10 17:40:34,38.92202,-106.9509,2764.0
2023-06-10 17:40:35,2023-06-10,2023-06-10 17:40:35,38.92202,-106.9509,2764.0
2023-06-10 17:40:36,2023-06-10,2023-06-10 17:40:36,38.92202,-106.9509,2764.0
2023-06-10 17:40:37,2023-06-10,2023-06-10 17:40:37,38.92202,-106.9509,2764.0
2023-06-10 17:40:38,2023-06-10,2023-06-10 17:40:38,38.92202,-106.9509,2764.0
2023-06-10 17:40:39,2023-06-10,2023-06-10 17:40:39,38.92202,-106.9509,2764.0
2023-06-10 17:40:40,2023-06-10,2023-06-10 17:40:40,38.92202,-106.9509,2764.0
2023-06-10 17:40:41,2023-06-10,2023-06-10 17:40:41,38.92202,-106.9509,2764.0
2023-06-10 17:40:42,2023-06-10,2023-06-10 17:40:42,38.92202,-106.9509,2764.0
2023-06-10 17:40:43,2023-06-10,2023-06-10 17:40:43,38.92202,-106.9509,2764.0
2023-06-10 17:40:44,2023-06-10,2023-06-10 17:40:44,38.92202,-106.9509,2764.0
2023-06-10 17:40:45,2023-06-10,2023-06-10 17:40:45,38.92202,-106.9509,2764.0
2023-06-10 17:40:46,2023-06-10,2023-06-10 17:40:46,38.92202,-106.9509,2764.0
2023-06-10 17:40:47,2023-06-10,2023-06-10 17:40:47,38.92202,-106.9509,2764.0
2023-06-10 17:40:48,2023-06-10,2023-06-10 17:40:48,38.92202,-106.9509,2764.0
2023-06-10 17:40:49,2023-06-10,2023-06-10 17:40:49,38.92202,-106.9509,2764.0
2023-06-10 17:40:50,2023-06-10,2023-06-10 17:40:50,38.92202,-106.9509,2764.0
2023-06-10 17:40:51,2023-06-10,2023-06-10 17:40:51,38.92202,-106.9509,2764.0
2023-06-10 17:40:52,2023-06-10,2023-06-10 17:40:52,38.92202,-106.9509,2764.0
2023-06-10 17:40:53,2023-06-10,2023-06-10 17:40:53,38.92202,-106.9509,2764.0
2023-06-10 17:40:54,2023-06-10,2023-06-10 17:40:54,38.92202,-106.9509,2764.0
2023-06-10 17:40:55,2023-06-10,2023-06-10 17:40:55,38.92202,-106.9509,2764.0
2023-06-10 17:40:56,2023-06-10,2023-06-10 17:40:56,38.92202,-106.9509,2764.0
2023-06-10 17:40:57,2023-06-10,2023-06-10 17:40:57,38.92202,-106.9509,2764.0
2023-06-10 17:40:58,2023-06-10,2023-06-10 17:40:58,38.92202,-106.9509,2764.0
2023-06-10 17:40:59,2023-06-10,2023-06-10 17:40:59,38.92202,-106.9509,2764.0
2023-06-10 17:41:00,2023-06-10,2023-06-10 17:41:00,38.92202,-106.9509,2764.0
2023-06-10 17:41:01,2023-06-10,2023-06-10 17:41:01,38.92202,-106.9509,2764.0
2023-06-10 17:41:02,2023-06-10,2023-06-10 17:41:02,38.92202,-106.9509,2764.0
2023-06-10 17:41:03,2023-06-10,2023-06-10 17:41:03,38.92202,-106.9509,2764.0
2023-06-10 17:41:04,2023-06-10,2023-06-10 17:41:04,38.92202,-106.9509,2764.0
2023-06-10 17:41:05,2023-06-10,2023-06-10 17:41:05,38.92202,-106.9509,2764.0
2023-06-10 17:41:06,2023-06-10,2023-06-10 17:41:06,38.92202,-106.9509,2764.0
2023-06-10 17:41:07,2023-06-10,2023-06-10 17:41:07,38.92202,-106.9509,2764.0
2023-06-10 17:41:08,2023-06-10,2023-06-10 17:41:08,38.92202,-106.9509,2764.0
2023-06-10 17:41:09,2023-06-10,2023-06-10 17:41:09,38.92202,-106.9509,2764.0
2023-06-10 17:41:10,2023-06-10,2023-06-10 17:41:10,38.92202,-106.9509,2764.0
2023-06-10 17:41:11,2023-06-10,2023-06-10 17:41:11,38.92202,-106.9509,2764.0
2023-06-10 17:41:12,2023-06-10,2023-06-10 17:41:12,38.92202,-106.9509,2764.0
2023-06-10 17:41:13,2023-06-10,2023-06-10 17:41:13,38.92202,-106.9509,2764.0
2023-06-10 17:41:14,2023-06-10,2023-06-10 17:41:14,38.92202,-106.9509,2764.0
2023-06-10 17:41:15,2023-06-10,2023-06-10 17:41:15,38.92202,-106.9509,2764.0
2023-06-10 17:41:16,2023-06-10,2023-06-10 17:41:16,38.92202,-106.9509,2764.0
2023-06-10 17:41:17,2023-06-10,2023-06-10 17:41:17,38.92202,-106.9509,2764.0
2023-06-10 17:41:18,2023-06-10,2023-06-10 17:41:18,38.92202,-106.9509,2764.0
2023-06-10 17:41:19,2023-06-10,2023-06-10 17:41:19,38.92202,-106.9509,2764.0
2023-06-10 17:41:20,2023-06-10,2023-06-10 17:41:20,38.92202,-106.9509,2764.0
2023-06-10 17:41:21,2023-06-10,2023-06-10 17:41:21,38.92202,-106.9509,2764.0
2023-06-10 17:41:22,2023-06-10,2023-06-10 17:41:22,38.92202,-106.9509,2764.0
2023-06-10 17:41:23,2023-06-10,2023-06-10 17:41:23,38.92202,-106.9509,2764.0
2023-06-10 17:41:24,2023-06-10,2023-06-10 17:41:24,38.92202,-106.9509,2764.0
2023-06-10 17:41:25,2023-06-10,2023-06-10 17:41:25,38.92202,-106.9509,2764.0
2023-06-10 17:41:26,2023-06-10,2023-06-10 17:41:26,38.92202,-106.9509,2764.0
2023-06-10 17:41:27,2023-06-10,2023-06-10 17:41:27,38.92202,-106.9509,2764.0
2023-06-10 17:41:28,2023-06-10,2023-06-10 17:41:28,38.92202,-106.9509,2764.0
2023-06-10 17:41:29,2023-06-10,2023-06-10 17:41:29,38.92202,-106.9509,2764.0
2023-06-10 17:41:30,2023-06-10,2023-06-10 17:41:30,38.92202,-106.9509,2764.0
2023-06-10 17:41:31,2023-06-10,2023-06-10 17:41:31,38.92202,-106.9509,2764.0
2023-06-10 17:41:32,2023-06-10,2023-06-10 17:41:32,38.92202,-106.9509,2764.0
2023-06-10 17:41:33,2023-06-10,2023-06-10 17:41:33,38.92202,-106.9509,2764.0
2023-06-10 17:41:34,2023-06-10,2023-06-10 17:41:34,38.92202,-106.9509,2764.0
2023-06-10 17:41:35,2023-06-10,2023-06-10 17:41:35,38.92202,-106.9509,2764.0
2023-06-10 17:41:36,2023-06-10,2023-06-10 17:41:36,38.92202,-106.9509,2764.0
2023-06-10 17:41:37,2023-06-10,2023-06-10 17:41:37,38.92202,-106.9509,2764.0
2023-06-10 17:41:38,2023-06-10,2023-06-10 17:41:38,38.92202,-106.9509,2764.0
2023-06-10 17:41:39,2023-06-10,2023-06-10 17:41:39,38.92202,-106.9509,2764.0
2023-06-10 17:41:40,2023-06-10,2023-06-10 17:41:40,38.92202,-106.9509,2764.0
2023-06-10 17:41:41,2023-06-10,2023-06-10 17:41:41,38.92202,-106.9509,2764.0
2023-06-10 17:41:42,2023-06-10,2023-06-10 17:41:42,38.92202,-106.9509,2764.0
2023-06-10 17:41:43,2023-06-10,2023-06-10 17:41:43,38.92202,-106.9509,2764.0
2023-06-10 17:41:44,2023-06-10,2023-06-10 17:41:44,38.92202,-106.9509,2764.0
2023-06-10 17:41:45,2023-06-10,2023-06-10 17:41:45,38.92202,-106.9509,2764.0
2023-06-10 17:41:46,2023-06-10,2023-06-10 17:41:46,38.92202,-106.9509,2764.0
2023-06-10 17:41:47,2023-06-10,2023-06-10 17:41:47,38.92202,-106.9509,2764.0
2023-06-10 17:41:48,2023-06-10,2023-06-10 17:41:48,38.92202,-106.9509,2764.0
2023-06-10 17:41:49,2023-06-10,2023-06-10 17:41:49,38.92202,-106.9509,2764.0
2023-06-10 17:41:50,2023-06-10,2023-06-10 17:41:50,38.92202,-106.9509,2764.0
2023-06-10 17:41:51,2023-06-10,2023-06-10 17:41:51,38.92202,-106.9509,2764.0
2023-06-10 17:41:52,2023-06-10,2023-06-10 17:41:52,38.92202,-106.9509,2764.0
2023-06-10 17:41:53,2023-06-10,2023-06-10 17:41:53,38.92202,-106.9509,2764.0
2023-06-10 17:41:54,2023-06-10,2023-06-10 17:41:54,38.92202,-106.9509,2764.0
2023-06-10 17:41:55,2023-06-10,2023-06-10 17:41:55,38.92202,-106.9509,2764.0
2023-06-10 17:41:56,2023-06-10,2023-06-10 17:41:56,38.92202,-106.9509,2764.0
2023-06-10 17:41:57,2023-06-10,2023-06-10 17:41:57,38.92202,-106.9509,2764.0
2023-06-10 17:41:58,2023-06-10,2023-06-10 17:41:58,38.92202,-106.9509,2764.0
2023-06-10 17:41:59,2023-06-10,2023-06-10 17:41:59,38.92202,-106.9509,2764.0
2023-06-10 17:42:00,2023-06-10,2023-06-10 17:42:00,38.92202,-106.9509,2764.0
2023-06-10 17:42:01,2023-06-10,2023-06-10 17:42:01,38.92202,-106.9509,2764.0
2023-06-10 17:42:02,2023-06-10,2023-06-10 17:42:02,38.92202,-106.9509,2764.0
2023-06-10 17:42:03,2023-06-10,2023-06-10 17:42:03,38.92202,-106.9509,2764.0
2023-06-10 17:42:04,2023-06-10,2023-06-10 17:42:04,38.92202,-106.9509,2764.0
2023-06-10 17:42:05,2023-06-10,2023-06-10 17:42:05,38.92202,-106.9509,2764.0
2023-06-10 17:42:06,2023-06-10,2023-06-10 17:42:06,38.92202,-106.9509,2764.0
2023-06-10 17:42:07,2023-06-10,2023-06-10 17:42:07,38.92202,-106.9509,2764.0
2023-06-10 17:42:08,2023-06-10,2023-06-10 17:42:08,38.92202,-106.9509,2764.0
2023-06-10 17:42:09,2023-06-10,2023-06-10 17:42:09,38.92202,-106.9509,2764.0
2023-06-10 17:42:11,2023-06-10,2023-06-10 17:42:11,38.92202,-106.9509,2764.0
2023-06-10 17:42:14,2023-06-10,2023-06-10 17:42:14,38.92202,-106.9509,2764.0
2023-06-10 17:42:15,2023-06-10,2023-06-10 17:42:15,38.92202,-106.9509,2764.0
2023-06-10 17:42:17,2023-06-10,2023-06-10 17:42:17,38.92202,-106.9509,2764.0
2023-06-10 17:42:18,2023-06-10,2023-06-10 17:42:18,38.92202,-106.9509,2764.0
2023-06-10 17:42:19,2023-06-10,2023-06-10 17:42:19,38.92202,-106.9509,2764.0
2023-06-10 17:42:20,2023-06-10,2023-06-10 17:42:20,38.92202,-106.9509,2764.0
2023-06-10 17:42:21,2023-06-10,2023-06-10 17:42:21,38.92202,-106.9509,2764.0
2023-06-10 17:42:22,2023-06-10,2023-06-10 17:42:22,38.92202,-106.9509,2764.0
2023-06-10 17:42:23,2023-06-10,2023-06-10 17:42:23,38.92202,-106.9509,2764.0
2023-06-10 17:42:24,2023-06-10,2023-06-10 17:42:24,38.92202,-106.9509,2764.0
2023-06-10 17:42:25,2023-06-10,2023-06-10 17:42:25,38.92202,-106.9509,2764.0
